arid/Drink/Drink_10_10.mp4,0
arid/Drink/Drink_10_11.mp4,0
arid/Drink/Drink_10_12.mp4,0
arid/Drink/Drink_10_13.mp4,0
arid/Drink/Drink_10_14.mp4,0
arid/Drink/Drink_10_15.mp4,0
arid/Drink/Drink_10_2.mp4,0
arid/Drink/Drink_10_3.mp4,0
arid/Drink/Drink_10_4.mp4,0
arid/Drink/Drink_10_5.mp4,0
arid/Drink/Drink_10_6.mp4,0
arid/Drink/Drink_10_7.mp4,0
arid/Drink/Drink_10_8.mp4,0
arid/Drink/Drink_10_9.mp4,0
arid/Drink/Drink_12_1.mp4,0
arid/Drink/Drink_12_2.mp4,0
arid/Drink/Drink_12_3.mp4,0
arid/Drink/Drink_12_4.mp4,0
arid/Drink/Drink_13_1.mp4,0
arid/Drink/Drink_13_10.mp4,0
arid/Drink/Drink_13_11.mp4,0
arid/Drink/Drink_13_12.mp4,0
arid/Drink/Drink_13_13.mp4,0
arid/Drink/Drink_13_14.mp4,0
arid/Drink/Drink_13_15.mp4,0
arid/Drink/Drink_13_16.mp4,0
arid/Drink/Drink_13_17.mp4,0
arid/Drink/Drink_13_18.mp4,0
arid/Drink/Drink_13_19.mp4,0
arid/Drink/Drink_13_2.mp4,0
arid/Drink/Drink_13_20.mp4,0
arid/Drink/Drink_13_3.mp4,0
arid/Drink/Drink_13_4.mp4,0
arid/Drink/Drink_13_5.mp4,0
arid/Drink/Drink_13_6.mp4,0
arid/Drink/Drink_13_7.mp4,0
arid/Drink/Drink_13_8.mp4,0
arid/Drink/Drink_13_9.mp4,0
arid/Drink/Drink_14_1.mp4,0
arid/Drink/Drink_14_2.mp4,0
arid/Drink/Drink_14_3.mp4,0
arid/Drink/Drink_14_4.mp4,0
arid/Drink/Drink_14_5.mp4,0
arid/Drink/Drink_14_6.mp4,0
arid/Drink/Drink_14_7.mp4,0
arid/Drink/Drink_15_1.mp4,0
arid/Drink/Drink_15_10.mp4,0
arid/Drink/Drink_15_11.mp4,0
arid/Drink/Drink_15_12.mp4,0
arid/Drink/Drink_15_13.mp4,0
arid/Drink/Drink_15_14.mp4,0
arid/Drink/Drink_15_15.mp4,0
arid/Drink/Drink_15_16.mp4,0
arid/Drink/Drink_15_17.mp4,0
arid/Drink/Drink_15_18.mp4,0
arid/Drink/Drink_15_19.mp4,0
arid/Drink/Drink_15_2.mp4,0
arid/Drink/Drink_15_20.mp4,0
arid/Drink/Drink_15_3.mp4,0
arid/Drink/Drink_15_4.mp4,0
arid/Drink/Drink_15_5.mp4,0
arid/Drink/Drink_15_6.mp4,0
arid/Drink/Drink_15_7.mp4,0
arid/Drink/Drink_15_8.mp4,0
arid/Drink/Drink_15_9.mp4,0
arid/Drink/Drink_16_1.mp4,0
arid/Drink/Drink_16_10.mp4,0
arid/Drink/Drink_16_11.mp4,0
arid/Drink/Drink_16_12.mp4,0
arid/Drink/Drink_16_14.mp4,0
arid/Drink/Drink_16_15.mp4,0
arid/Drink/Drink_16_16.mp4,0
arid/Drink/Drink_16_17.mp4,0
arid/Drink/Drink_16_18.mp4,0
arid/Drink/Drink_16_2.mp4,0
arid/Drink/Drink_16_22.mp4,0
arid/Drink/Drink_16_23.mp4,0
arid/Drink/Drink_16_25.mp4,0
arid/Drink/Drink_16_26.mp4,0
arid/Drink/Drink_16_3.mp4,0
arid/Drink/Drink_16_5.mp4,0
arid/Drink/Drink_16_6.mp4,0
arid/Drink/Drink_16_7.mp4,0
arid/Drink/Drink_16_8.mp4,0
arid/Drink/Drink_16_9.mp4,0
arid/Drink/Drink_19_10.mp4,0
arid/Drink/Drink_19_11.mp4,0
arid/Drink/Drink_19_12.mp4,0
arid/Drink/Drink_19_14.mp4,0
arid/Drink/Drink_19_18.mp4,0
arid/Drink/Drink_19_19.mp4,0
arid/Drink/Drink_19_2.mp4,0
arid/Drink/Drink_19_20.mp4,0
arid/Drink/Drink_19_22.mp4,0
arid/Drink/Drink_19_23.mp4,0
arid/Drink/Drink_19_24.mp4,0
arid/Drink/Drink_19_26.mp4,0
arid/Drink/Drink_19_27.mp4,0
arid/Drink/Drink_19_28.mp4,0
arid/Drink/Drink_19_3.mp4,0
arid/Drink/Drink_19_4.mp4,0
arid/Drink/Drink_19_5.mp4,0
arid/Drink/Drink_19_7.mp4,0
arid/Drink/Drink_19_8.mp4,0
arid/Drink/Drink_19_9.mp4,0
arid/Drink/Drink_1_1.mp4,0
arid/Drink/Drink_1_10.mp4,0
arid/Drink/Drink_1_11.mp4,0
arid/Drink/Drink_1_12.mp4,0
arid/Drink/Drink_1_13.mp4,0
arid/Drink/Drink_1_14.mp4,0
arid/Drink/Drink_1_15.mp4,0
arid/Drink/Drink_1_16.mp4,0
arid/Drink/Drink_1_17.mp4,0
arid/Drink/Drink_1_18.mp4,0
arid/Drink/Drink_1_19.mp4,0
arid/Drink/Drink_1_2.mp4,0
arid/Drink/Drink_1_20.mp4,0
arid/Drink/Drink_1_3.mp4,0
arid/Drink/Drink_1_4.mp4,0
arid/Drink/Drink_1_5.mp4,0
arid/Drink/Drink_1_6.mp4,0
arid/Drink/Drink_1_7.mp4,0
arid/Drink/Drink_1_8.mp4,0
arid/Drink/Drink_1_9.mp4,0
arid/Drink/Drink_20_1.mp4,0
arid/Drink/Drink_20_10.mp4,0
arid/Drink/Drink_20_11.mp4,0
arid/Drink/Drink_20_12.mp4,0
arid/Drink/Drink_20_13.mp4,0
arid/Drink/Drink_20_14.mp4,0
arid/Drink/Drink_20_15.mp4,0
arid/Drink/Drink_20_16.mp4,0
arid/Drink/Drink_20_2.mp4,0
arid/Drink/Drink_20_3.mp4,0
arid/Drink/Drink_20_4.mp4,0
arid/Drink/Drink_20_5.mp4,0
arid/Drink/Drink_20_6.mp4,0
arid/Drink/Drink_20_7.mp4,0
arid/Drink/Drink_20_8.mp4,0
arid/Drink/Drink_20_9.mp4,0
arid/Drink/Drink_21_1.mp4,0
arid/Drink/Drink_21_10.mp4,0
arid/Drink/Drink_21_11.mp4,0
arid/Drink/Drink_21_12.mp4,0
arid/Drink/Drink_21_13.mp4,0
arid/Drink/Drink_21_14.mp4,0
arid/Drink/Drink_21_15.mp4,0
arid/Drink/Drink_21_2.mp4,0
arid/Drink/Drink_21_3.mp4,0
arid/Drink/Drink_21_4.mp4,0
arid/Drink/Drink_21_5.mp4,0
arid/Drink/Drink_21_6.mp4,0
arid/Drink/Drink_21_7.mp4,0
arid/Drink/Drink_21_8.mp4,0
arid/Drink/Drink_21_9.mp4,0
arid/Drink/Drink_22_1.mp4,0
arid/Drink/Drink_22_10.mp4,0
arid/Drink/Drink_22_11.mp4,0
arid/Drink/Drink_22_12.mp4,0
arid/Drink/Drink_22_13.mp4,0
arid/Drink/Drink_22_14.mp4,0
arid/Drink/Drink_22_2.mp4,0
arid/Drink/Drink_22_3.mp4,0
arid/Drink/Drink_22_4.mp4,0
arid/Drink/Drink_22_5.mp4,0
arid/Drink/Drink_22_6.mp4,0
arid/Drink/Drink_22_7.mp4,0
arid/Drink/Drink_22_8.mp4,0
arid/Drink/Drink_22_9.mp4,0
arid/Drink/Drink_23_1.mp4,0
arid/Drink/Drink_23_10.mp4,0
arid/Drink/Drink_23_11.mp4,0
arid/Drink/Drink_23_12.mp4,0
arid/Drink/Drink_23_13.mp4,0
arid/Drink/Drink_23_14.mp4,0
arid/Drink/Drink_23_15.mp4,0
arid/Drink/Drink_23_16.mp4,0
arid/Drink/Drink_23_17.mp4,0
arid/Drink/Drink_23_18.mp4,0
arid/Drink/Drink_23_19.mp4,0
arid/Drink/Drink_23_2.mp4,0
arid/Drink/Drink_23_3.mp4,0
arid/Drink/Drink_23_4.mp4,0
arid/Drink/Drink_23_5.mp4,0
arid/Drink/Drink_23_6.mp4,0
arid/Drink/Drink_23_7.mp4,0
arid/Drink/Drink_23_8.mp4,0
arid/Drink/Drink_23_9.mp4,0
arid/Drink/Drink_24_1.mp4,0
arid/Drink/Drink_24_10.mp4,0
arid/Drink/Drink_24_12.mp4,0
arid/Drink/Drink_24_15.mp4,0
arid/Drink/Drink_24_17.mp4,0
arid/Drink/Drink_24_18.mp4,0
arid/Drink/Drink_24_19.mp4,0
arid/Drink/Drink_24_20.mp4,0
arid/Drink/Drink_24_21.mp4,0
arid/Drink/Drink_24_22.mp4,0
arid/Drink/Drink_24_24.mp4,0
arid/Drink/Drink_24_25.mp4,0
arid/Drink/Drink_24_26.mp4,0
arid/Drink/Drink_24_3.mp4,0
arid/Drink/Drink_24_4.mp4,0
arid/Drink/Drink_24_5.mp4,0
arid/Drink/Drink_24_6.mp4,0
arid/Drink/Drink_24_7.mp4,0
arid/Drink/Drink_24_8.mp4,0
arid/Drink/Drink_24_9.mp4,0
arid/Drink/Drink_4_1.mp4,0
arid/Drink/Drink_4_10.mp4,0
arid/Drink/Drink_4_11.mp4,0
arid/Drink/Drink_4_12.mp4,0
arid/Drink/Drink_4_13.mp4,0
arid/Drink/Drink_4_14.mp4,0
arid/Drink/Drink_4_15.mp4,0
arid/Drink/Drink_4_16.mp4,0
arid/Drink/Drink_4_17.mp4,0
arid/Drink/Drink_4_18.mp4,0
arid/Drink/Drink_4_19.mp4,0
arid/Drink/Drink_4_2.mp4,0
arid/Drink/Drink_4_20.mp4,0
arid/Drink/Drink_4_3.mp4,0
arid/Drink/Drink_4_4.mp4,0
arid/Drink/Drink_4_5.mp4,0
arid/Drink/Drink_4_6.mp4,0
arid/Drink/Drink_4_7.mp4,0
arid/Drink/Drink_4_8.mp4,0
arid/Drink/Drink_4_9.mp4,0
arid/Drink/Drink_5_1.mp4,0
arid/Drink/Drink_5_10.mp4,0
arid/Drink/Drink_5_11.mp4,0
arid/Drink/Drink_5_12.mp4,0
arid/Drink/Drink_5_13.mp4,0
arid/Drink/Drink_5_14.mp4,0
arid/Drink/Drink_5_15.mp4,0
arid/Drink/Drink_5_16.mp4,0
arid/Drink/Drink_5_17.mp4,0
arid/Drink/Drink_5_18.mp4,0
arid/Drink/Drink_5_19.mp4,0
arid/Drink/Drink_5_2.mp4,0
arid/Drink/Drink_5_20.mp4,0
arid/Drink/Drink_5_3.mp4,0
arid/Drink/Drink_5_4.mp4,0
arid/Drink/Drink_5_5.mp4,0
arid/Drink/Drink_5_6.mp4,0
arid/Drink/Drink_5_7.mp4,0
arid/Drink/Drink_5_8.mp4,0
arid/Drink/Drink_5_9.mp4,0
arid/Drink/Drink_6_1.mp4,0
arid/Drink/Drink_6_11.mp4,0
arid/Drink/Drink_6_12.mp4,0
arid/Drink/Drink_6_13.mp4,0
arid/Drink/Drink_6_14.mp4,0
arid/Drink/Drink_6_17.mp4,0
arid/Drink/Drink_6_18.mp4,0
arid/Drink/Drink_6_19.mp4,0
arid/Drink/Drink_6_20.mp4,0
arid/Drink/Drink_6_23.mp4,0
arid/Drink/Drink_6_24.mp4,0
arid/Drink/Drink_6_25.mp4,0
arid/Drink/Drink_6_29.mp4,0
arid/Drink/Drink_6_3.mp4,0
arid/Drink/Drink_6_30.mp4,0
arid/Drink/Drink_6_33.mp4,0
arid/Drink/Drink_6_6.mp4,0
arid/Drink/Drink_6_7.mp4,0
arid/Drink/Drink_6_8.mp4,0
arid/Drink/Drink_6_9.mp4,0
arid/Drink/Drink_9_1.mp4,0
arid/Drink/Drink_9_11.mp4,0
arid/Drink/Drink_9_12.mp4,0
arid/Drink/Drink_9_13.mp4,0
arid/Drink/Drink_9_14.mp4,0
arid/Drink/Drink_9_15.mp4,0
arid/Drink/Drink_9_16.mp4,0
arid/Drink/Drink_9_17.mp4,0
arid/Drink/Drink_9_18.mp4,0
arid/Drink/Drink_9_19.mp4,0
arid/Drink/Drink_9_2.mp4,0
arid/Drink/Drink_9_20.mp4,0
arid/Drink/Drink_9_21.mp4,0
arid/Drink/Drink_9_3.mp4,0
arid/Drink/Drink_9_4.mp4,0
arid/Drink/Drink_9_5.mp4,0
arid/Drink/Drink_9_6.mp4,0
arid/Drink/Drink_9_7.mp4,0
arid/Drink/Drink_9_8.mp4,0
arid/Drink/Drink_9_9.mp4,0
arid/Jump/Jump_10_1.mp4,1
arid/Jump/Jump_10_10.mp4,1
arid/Jump/Jump_10_11.mp4,1
arid/Jump/Jump_10_12.mp4,1
arid/Jump/Jump_10_13.mp4,1
arid/Jump/Jump_10_14.mp4,1
arid/Jump/Jump_10_15.mp4,1
arid/Jump/Jump_10_16.mp4,1
arid/Jump/Jump_10_17.mp4,1
arid/Jump/Jump_10_18.mp4,1
arid/Jump/Jump_10_19.mp4,1
arid/Jump/Jump_10_2.mp4,1
arid/Jump/Jump_10_20.mp4,1
arid/Jump/Jump_10_21.mp4,1
arid/Jump/Jump_10_22.mp4,1
arid/Jump/Jump_10_23.mp4,1
arid/Jump/Jump_10_24.mp4,1
arid/Jump/Jump_10_25.mp4,1
arid/Jump/Jump_10_26.mp4,1
arid/Jump/Jump_10_27.mp4,1
arid/Jump/Jump_10_29.mp4,1
arid/Jump/Jump_10_3.mp4,1
arid/Jump/Jump_10_30.mp4,1
arid/Jump/Jump_10_4.mp4,1
arid/Jump/Jump_10_5.mp4,1
arid/Jump/Jump_10_6.mp4,1
arid/Jump/Jump_10_7.mp4,1
arid/Jump/Jump_10_8.mp4,1
arid/Jump/Jump_10_9.mp4,1
arid/Jump/Jump_12_1.mp4,1
arid/Jump/Jump_12_11.mp4,1
arid/Jump/Jump_12_12.mp4,1
arid/Jump/Jump_12_13.mp4,1
arid/Jump/Jump_12_14.mp4,1
arid/Jump/Jump_12_15.mp4,1
arid/Jump/Jump_12_16.mp4,1
arid/Jump/Jump_12_17.mp4,1
arid/Jump/Jump_12_18.mp4,1
arid/Jump/Jump_12_19.mp4,1
arid/Jump/Jump_12_2.mp4,1
arid/Jump/Jump_12_21.mp4,1
arid/Jump/Jump_12_25.mp4,1
arid/Jump/Jump_12_27.mp4,1
arid/Jump/Jump_12_28.mp4,1
arid/Jump/Jump_12_29.mp4,1
arid/Jump/Jump_12_3.mp4,1
arid/Jump/Jump_12_31.mp4,1
arid/Jump/Jump_12_32.mp4,1
arid/Jump/Jump_12_33.mp4,1
arid/Jump/Jump_12_35.mp4,1
arid/Jump/Jump_12_37.mp4,1
arid/Jump/Jump_12_38.mp4,1
arid/Jump/Jump_12_39.mp4,1
arid/Jump/Jump_12_4.mp4,1
arid/Jump/Jump_12_6.mp4,1
arid/Jump/Jump_12_7.mp4,1
arid/Jump/Jump_12_8.mp4,1
arid/Jump/Jump_12_9.mp4,1
arid/Jump/Jump_13_1.mp4,1
arid/Jump/Jump_13_10.mp4,1
arid/Jump/Jump_13_11.mp4,1
arid/Jump/Jump_13_12.mp4,1
arid/Jump/Jump_13_13.mp4,1
arid/Jump/Jump_13_14.mp4,1
arid/Jump/Jump_13_15.mp4,1
arid/Jump/Jump_13_16.mp4,1
arid/Jump/Jump_13_17.mp4,1
arid/Jump/Jump_13_18.mp4,1
arid/Jump/Jump_13_19.mp4,1
arid/Jump/Jump_13_2.mp4,1
arid/Jump/Jump_13_20.mp4,1
arid/Jump/Jump_13_21.mp4,1
arid/Jump/Jump_13_22.mp4,1
arid/Jump/Jump_13_23.mp4,1
arid/Jump/Jump_13_24.mp4,1
arid/Jump/Jump_13_25.mp4,1
arid/Jump/Jump_13_26.mp4,1
arid/Jump/Jump_13_27.mp4,1
arid/Jump/Jump_13_28.mp4,1
arid/Jump/Jump_13_29.mp4,1
arid/Jump/Jump_13_3.mp4,1
arid/Jump/Jump_13_30.mp4,1
arid/Jump/Jump_13_4.mp4,1
arid/Jump/Jump_13_5.mp4,1
arid/Jump/Jump_13_6.mp4,1
arid/Jump/Jump_13_7.mp4,1
arid/Jump/Jump_13_8.mp4,1
arid/Jump/Jump_14_1.mp4,1
arid/Jump/Jump_14_10.mp4,1
arid/Jump/Jump_14_11.mp4,1
arid/Jump/Jump_14_12.mp4,1
arid/Jump/Jump_14_13.mp4,1
arid/Jump/Jump_14_14.mp4,1
arid/Jump/Jump_14_15.mp4,1
arid/Jump/Jump_14_16.mp4,1
arid/Jump/Jump_14_17.mp4,1
arid/Jump/Jump_14_18.mp4,1
arid/Jump/Jump_14_19.mp4,1
arid/Jump/Jump_14_2.mp4,1
arid/Jump/Jump_14_20.mp4,1
arid/Jump/Jump_14_21.mp4,1
arid/Jump/Jump_14_22.mp4,1
arid/Jump/Jump_14_23.mp4,1
arid/Jump/Jump_14_24.mp4,1
arid/Jump/Jump_14_3.mp4,1
arid/Jump/Jump_14_4.mp4,1
arid/Jump/Jump_14_5.mp4,1
arid/Jump/Jump_14_6.mp4,1
arid/Jump/Jump_14_7.mp4,1
arid/Jump/Jump_14_8.mp4,1
arid/Jump/Jump_14_9.mp4,1
arid/Jump/Jump_15_1.mp4,1
arid/Jump/Jump_15_10.mp4,1
arid/Jump/Jump_15_11.mp4,1
arid/Jump/Jump_15_12.mp4,1
arid/Jump/Jump_15_13.mp4,1
arid/Jump/Jump_15_14.mp4,1
arid/Jump/Jump_15_15.mp4,1
arid/Jump/Jump_15_16.mp4,1
arid/Jump/Jump_15_17.mp4,1
arid/Jump/Jump_15_18.mp4,1
arid/Jump/Jump_15_19.mp4,1
arid/Jump/Jump_15_2.mp4,1
arid/Jump/Jump_15_20.mp4,1
arid/Jump/Jump_15_21.mp4,1
arid/Jump/Jump_15_22.mp4,1
arid/Jump/Jump_15_23.mp4,1
arid/Jump/Jump_15_24.mp4,1
arid/Jump/Jump_15_25.mp4,1
arid/Jump/Jump_15_26.mp4,1
arid/Jump/Jump_15_27.mp4,1
arid/Jump/Jump_15_28.mp4,1
arid/Jump/Jump_15_3.mp4,1
arid/Jump/Jump_15_4.mp4,1
arid/Jump/Jump_15_5.mp4,1
arid/Jump/Jump_15_6.mp4,1
arid/Jump/Jump_15_7.mp4,1
arid/Jump/Jump_15_8.mp4,1
arid/Jump/Jump_15_9.mp4,1
arid/Jump/Jump_16_1.mp4,1
arid/Jump/Jump_16_10.mp4,1
arid/Jump/Jump_16_11.mp4,1
arid/Jump/Jump_16_12.mp4,1
arid/Jump/Jump_16_13.mp4,1
arid/Jump/Jump_16_14.mp4,1
arid/Jump/Jump_16_15.mp4,1
arid/Jump/Jump_16_16.mp4,1
arid/Jump/Jump_16_17.mp4,1
arid/Jump/Jump_16_18.mp4,1
arid/Jump/Jump_16_19.mp4,1
arid/Jump/Jump_16_2.mp4,1
arid/Jump/Jump_16_20.mp4,1
arid/Jump/Jump_16_21.mp4,1
arid/Jump/Jump_16_22.mp4,1
arid/Jump/Jump_16_23.mp4,1
arid/Jump/Jump_16_24.mp4,1
arid/Jump/Jump_16_25.mp4,1
arid/Jump/Jump_16_26.mp4,1
arid/Jump/Jump_16_27.mp4,1
arid/Jump/Jump_16_28.mp4,1
arid/Jump/Jump_16_29.mp4,1
arid/Jump/Jump_16_3.mp4,1
arid/Jump/Jump_16_4.mp4,1
arid/Jump/Jump_16_5.mp4,1
arid/Jump/Jump_16_6.mp4,1
arid/Jump/Jump_16_7.mp4,1
arid/Jump/Jump_16_8.mp4,1
arid/Jump/Jump_16_9.mp4,1
arid/Jump/Jump_17_1.mp4,1
arid/Jump/Jump_17_10.mp4,1
arid/Jump/Jump_17_11.mp4,1
arid/Jump/Jump_17_12.mp4,1
arid/Jump/Jump_17_13.mp4,1
arid/Jump/Jump_17_14.mp4,1
arid/Jump/Jump_17_15.mp4,1
arid/Jump/Jump_17_16.mp4,1
arid/Jump/Jump_17_17.mp4,1
arid/Jump/Jump_17_18.mp4,1
arid/Jump/Jump_17_19.mp4,1
arid/Jump/Jump_17_2.mp4,1
arid/Jump/Jump_17_20.mp4,1
arid/Jump/Jump_17_21.mp4,1
arid/Jump/Jump_17_22.mp4,1
arid/Jump/Jump_17_23.mp4,1
arid/Jump/Jump_17_24.mp4,1
arid/Jump/Jump_17_25.mp4,1
arid/Jump/Jump_17_26.mp4,1
arid/Jump/Jump_17_3.mp4,1
arid/Jump/Jump_17_4.mp4,1
arid/Jump/Jump_17_5.mp4,1
arid/Jump/Jump_17_6.mp4,1
arid/Jump/Jump_17_7.mp4,1
arid/Jump/Jump_17_8.mp4,1
arid/Jump/Jump_17_9.mp4,1
arid/Jump/Jump_18_10.mp4,1
arid/Jump/Jump_18_11.mp4,1
arid/Jump/Jump_18_12.mp4,1
arid/Jump/Jump_18_13.mp4,1
arid/Jump/Jump_18_14.mp4,1
arid/Jump/Jump_18_15.mp4,1
arid/Jump/Jump_18_16.mp4,1
arid/Jump/Jump_18_17.mp4,1
arid/Jump/Jump_18_18.mp4,1
arid/Jump/Jump_18_19.mp4,1
arid/Jump/Jump_18_2.mp4,1
arid/Jump/Jump_18_21.mp4,1
arid/Jump/Jump_18_22.mp4,1
arid/Jump/Jump_18_23.mp4,1
arid/Jump/Jump_18_24.mp4,1
arid/Jump/Jump_18_25.mp4,1
arid/Jump/Jump_18_26.mp4,1
arid/Jump/Jump_18_27.mp4,1
arid/Jump/Jump_18_28.mp4,1
arid/Jump/Jump_18_29.mp4,1
arid/Jump/Jump_18_3.mp4,1
arid/Jump/Jump_18_30.mp4,1
arid/Jump/Jump_18_31.mp4,1
arid/Jump/Jump_18_4.mp4,1
arid/Jump/Jump_18_5.mp4,1
arid/Jump/Jump_18_6.mp4,1
arid/Jump/Jump_18_7.mp4,1
arid/Jump/Jump_18_8.mp4,1
arid/Jump/Jump_18_9.mp4,1
arid/Jump/Jump_19_1.mp4,1
arid/Jump/Jump_19_10.mp4,1
arid/Jump/Jump_19_11.mp4,1
arid/Jump/Jump_19_12.mp4,1
arid/Jump/Jump_19_13.mp4,1
arid/Jump/Jump_19_14.mp4,1
arid/Jump/Jump_19_15.mp4,1
arid/Jump/Jump_19_16.mp4,1
arid/Jump/Jump_19_17.mp4,1
arid/Jump/Jump_19_18.mp4,1
arid/Jump/Jump_19_19.mp4,1
arid/Jump/Jump_19_2.mp4,1
arid/Jump/Jump_19_20.mp4,1
arid/Jump/Jump_19_21.mp4,1
arid/Jump/Jump_19_22.mp4,1
arid/Jump/Jump_19_24.mp4,1
arid/Jump/Jump_19_25.mp4,1
arid/Jump/Jump_19_26.mp4,1
arid/Jump/Jump_19_27.mp4,1
arid/Jump/Jump_19_28.mp4,1
arid/Jump/Jump_19_29.mp4,1
arid/Jump/Jump_19_3.mp4,1
arid/Jump/Jump_19_30.mp4,1
arid/Jump/Jump_19_4.mp4,1
arid/Jump/Jump_19_5.mp4,1
arid/Jump/Jump_19_6.mp4,1
arid/Jump/Jump_19_7.mp4,1
arid/Jump/Jump_19_8.mp4,1
arid/Jump/Jump_19_9.mp4,1
arid/Jump/Jump_1_1.mp4,1
arid/Jump/Jump_1_10.mp4,1
arid/Jump/Jump_1_11.mp4,1
arid/Jump/Jump_1_12.mp4,1
arid/Jump/Jump_1_2.mp4,1
arid/Jump/Jump_1_3.mp4,1
arid/Jump/Jump_1_4.mp4,1
arid/Jump/Jump_1_5.mp4,1
arid/Jump/Jump_1_6.mp4,1
arid/Jump/Jump_1_7.mp4,1
arid/Jump/Jump_1_8.mp4,1
arid/Jump/Jump_1_9.mp4,1
arid/Jump/Jump_3_1.mp4,1
arid/Jump/Jump_3_11.mp4,1
arid/Jump/Jump_3_13.mp4,1
arid/Jump/Jump_3_14.mp4,1
arid/Jump/Jump_3_15.mp4,1
arid/Jump/Jump_3_17.mp4,1
arid/Jump/Jump_3_18.mp4,1
arid/Jump/Jump_3_19.mp4,1
arid/Jump/Jump_3_2.mp4,1
arid/Jump/Jump_3_20.mp4,1
arid/Jump/Jump_3_21.mp4,1
arid/Jump/Jump_3_24.mp4,1
arid/Jump/Jump_3_25.mp4,1
arid/Jump/Jump_3_26.mp4,1
arid/Jump/Jump_3_27.mp4,1
arid/Jump/Jump_3_28.mp4,1
arid/Jump/Jump_3_29.mp4,1
arid/Jump/Jump_3_33.mp4,1
arid/Jump/Jump_3_35.mp4,1
arid/Jump/Jump_3_37.mp4,1
arid/Jump/Jump_3_38.mp4,1
arid/Jump/Jump_3_39.mp4,1
arid/Jump/Jump_3_4.mp4,1
arid/Jump/Jump_3_40.mp4,1
arid/Jump/Jump_3_44.mp4,1
arid/Jump/Jump_3_5.mp4,1
arid/Jump/Jump_3_6.mp4,1
arid/Jump/Jump_3_7.mp4,1
arid/Jump/Jump_3_9.mp4,1
arid/Jump/Jump_4_1.mp4,1
arid/Jump/Jump_4_11.mp4,1
arid/Jump/Jump_4_13.mp4,1
arid/Jump/Jump_4_14.mp4,1
arid/Jump/Jump_4_15.mp4,1
arid/Jump/Jump_4_16.mp4,1
arid/Jump/Jump_4_17.mp4,1
arid/Jump/Jump_4_20.mp4,1
arid/Jump/Jump_4_22.mp4,1
arid/Jump/Jump_4_25.mp4,1
arid/Jump/Jump_4_26.mp4,1
arid/Jump/Jump_4_27.mp4,1
arid/Jump/Jump_4_28.mp4,1
arid/Jump/Jump_4_29.mp4,1
arid/Jump/Jump_4_31.mp4,1
arid/Jump/Jump_4_32.mp4,1
arid/Jump/Jump_4_33.mp4,1
arid/Jump/Jump_4_35.mp4,1
arid/Jump/Jump_4_36.mp4,1
arid/Jump/Jump_4_38.mp4,1
arid/Jump/Jump_4_4.mp4,1
arid/Jump/Jump_4_40.mp4,1
arid/Jump/Jump_4_41.mp4,1
arid/Jump/Jump_4_43.mp4,1
arid/Jump/Jump_4_44.mp4,1
arid/Jump/Jump_4_5.mp4,1
arid/Jump/Jump_4_7.mp4,1
arid/Jump/Jump_4_8.mp4,1
arid/Jump/Jump_4_9.mp4,1
arid/Jump/Jump_5_11.mp4,1
arid/Jump/Jump_5_13.mp4,1
arid/Jump/Jump_5_14.mp4,1
arid/Jump/Jump_5_15.mp4,1
arid/Jump/Jump_5_16.mp4,1
arid/Jump/Jump_5_18.mp4,1
arid/Jump/Jump_5_19.mp4,1
arid/Jump/Jump_5_2.mp4,1
arid/Jump/Jump_5_21.mp4,1
arid/Jump/Jump_5_22.mp4,1
arid/Jump/Jump_5_23.mp4,1
arid/Jump/Jump_5_25.mp4,1
arid/Jump/Jump_5_26.mp4,1
arid/Jump/Jump_5_28.mp4,1
arid/Jump/Jump_5_29.mp4,1
arid/Jump/Jump_5_30.mp4,1
arid/Jump/Jump_5_32.mp4,1
arid/Jump/Jump_5_33.mp4,1
arid/Jump/Jump_5_34.mp4,1
arid/Jump/Jump_5_36.mp4,1
arid/Jump/Jump_5_37.mp4,1
arid/Jump/Jump_5_38.mp4,1
arid/Jump/Jump_5_4.mp4,1
arid/Jump/Jump_5_40.mp4,1
arid/Jump/Jump_5_5.mp4,1
arid/Jump/Jump_5_6.mp4,1
arid/Jump/Jump_5_7.mp4,1
arid/Jump/Jump_5_8.mp4,1
arid/Jump/Jump_5_9.mp4,1
arid/Jump/Jump_8_1.mp4,1
arid/Jump/Jump_8_10.mp4,1
arid/Jump/Jump_8_11.mp4,1
arid/Jump/Jump_8_12.mp4,1
arid/Jump/Jump_8_13.mp4,1
arid/Jump/Jump_8_14.mp4,1
arid/Jump/Jump_8_15.mp4,1
arid/Jump/Jump_8_16.mp4,1
arid/Jump/Jump_8_17.mp4,1
arid/Jump/Jump_8_18.mp4,1
arid/Jump/Jump_8_19.mp4,1
arid/Jump/Jump_8_2.mp4,1
arid/Jump/Jump_8_20.mp4,1
arid/Jump/Jump_8_21.mp4,1
arid/Jump/Jump_8_3.mp4,1
arid/Jump/Jump_8_4.mp4,1
arid/Jump/Jump_8_5.mp4,1
arid/Jump/Jump_8_6.mp4,1
arid/Jump/Jump_8_7.mp4,1
arid/Jump/Jump_8_8.mp4,1
arid/Jump/Jump_8_9.mp4,1
arid/Pick/Pick_10_10.mp4,2
arid/Pick/Pick_10_13.mp4,2
arid/Pick/Pick_10_14.mp4,2
arid/Pick/Pick_10_15.mp4,2
arid/Pick/Pick_10_18.mp4,2
arid/Pick/Pick_10_19.mp4,2
arid/Pick/Pick_10_2.mp4,2
arid/Pick/Pick_10_20.mp4,2
arid/Pick/Pick_10_21.mp4,2
arid/Pick/Pick_10_3.mp4,2
arid/Pick/Pick_10_5.mp4,2
arid/Pick/Pick_10_7.mp4,2
arid/Pick/Pick_10_8.mp4,2
arid/Pick/Pick_10_9.mp4,2
arid/Pick/Pick_11_1.mp4,2
arid/Pick/Pick_11_2.mp4,2
arid/Pick/Pick_14_1.mp4,2
arid/Pick/Pick_14_10.mp4,2
arid/Pick/Pick_14_11.mp4,2
arid/Pick/Pick_14_12.mp4,2
arid/Pick/Pick_14_13.mp4,2
arid/Pick/Pick_14_14.mp4,2
arid/Pick/Pick_14_2.mp4,2
arid/Pick/Pick_14_3.mp4,2
arid/Pick/Pick_14_4.mp4,2
arid/Pick/Pick_14_5.mp4,2
arid/Pick/Pick_14_6.mp4,2
arid/Pick/Pick_14_7.mp4,2
arid/Pick/Pick_14_8.mp4,2
arid/Pick/Pick_14_9.mp4,2
arid/Pick/Pick_15_1.mp4,2
arid/Pick/Pick_15_10.mp4,2
arid/Pick/Pick_15_11.mp4,2
arid/Pick/Pick_15_2.mp4,2
arid/Pick/Pick_15_3.mp4,2
arid/Pick/Pick_15_4.mp4,2
arid/Pick/Pick_15_5.mp4,2
arid/Pick/Pick_15_6.mp4,2
arid/Pick/Pick_15_7.mp4,2
arid/Pick/Pick_15_8.mp4,2
arid/Pick/Pick_15_9.mp4,2
arid/Pick/Pick_16_11.mp4,2
arid/Pick/Pick_16_12.mp4,2
arid/Pick/Pick_16_16.mp4,2
arid/Pick/Pick_16_17.mp4,2
arid/Pick/Pick_16_18.mp4,2
arid/Pick/Pick_16_19.mp4,2
arid/Pick/Pick_16_20.mp4,2
arid/Pick/Pick_16_21.mp4,2
arid/Pick/Pick_16_22.mp4,2
arid/Pick/Pick_16_25.mp4,2
arid/Pick/Pick_16_3.mp4,2
arid/Pick/Pick_16_4.mp4,2
arid/Pick/Pick_16_7.mp4,2
arid/Pick/Pick_16_8.mp4,2
arid/Pick/Pick_18_1.mp4,2
arid/Pick/Pick_18_10.mp4,2
arid/Pick/Pick_18_12.mp4,2
arid/Pick/Pick_18_13.mp4,2
arid/Pick/Pick_18_14.mp4,2
arid/Pick/Pick_18_15.mp4,2
arid/Pick/Pick_18_2.mp4,2
arid/Pick/Pick_18_3.mp4,2
arid/Pick/Pick_18_4.mp4,2
arid/Pick/Pick_18_5.mp4,2
arid/Pick/Pick_18_6.mp4,2
arid/Pick/Pick_18_7.mp4,2
arid/Pick/Pick_18_8.mp4,2
arid/Pick/Pick_18_9.mp4,2
arid/Pick/Pick_1_1.mp4,2
arid/Pick/Pick_1_10.mp4,2
arid/Pick/Pick_1_11.mp4,2
arid/Pick/Pick_1_12.mp4,2
arid/Pick/Pick_1_13.mp4,2
arid/Pick/Pick_1_14.mp4,2
arid/Pick/Pick_1_15.mp4,2
arid/Pick/Pick_1_16.mp4,2
arid/Pick/Pick_1_17.mp4,2
arid/Pick/Pick_1_18.mp4,2
arid/Pick/Pick_1_3.mp4,2
arid/Pick/Pick_1_4.mp4,2
arid/Pick/Pick_1_5.mp4,2
arid/Pick/Pick_1_7.mp4,2
arid/Pick/Pick_20_1.mp4,2
arid/Pick/Pick_20_10.mp4,2
arid/Pick/Pick_20_11.mp4,2
arid/Pick/Pick_20_12.mp4,2
arid/Pick/Pick_20_2.mp4,2
arid/Pick/Pick_20_3.mp4,2
arid/Pick/Pick_20_4.mp4,2
arid/Pick/Pick_20_5.mp4,2
arid/Pick/Pick_20_6.mp4,2
arid/Pick/Pick_20_7.mp4,2
arid/Pick/Pick_20_8.mp4,2
arid/Pick/Pick_20_9.mp4,2
arid/Pick/Pick_22_1.mp4,2
arid/Pick/Pick_22_10.mp4,2
arid/Pick/Pick_22_11.mp4,2
arid/Pick/Pick_22_12.mp4,2
arid/Pick/Pick_22_13.mp4,2
arid/Pick/Pick_22_14.mp4,2
arid/Pick/Pick_22_15.mp4,2
arid/Pick/Pick_22_2.mp4,2
arid/Pick/Pick_22_3.mp4,2
arid/Pick/Pick_22_4.mp4,2
arid/Pick/Pick_22_5.mp4,2
arid/Pick/Pick_22_7.mp4,2
arid/Pick/Pick_22_8.mp4,2
arid/Pick/Pick_22_9.mp4,2
arid/Pick/Pick_3_1.mp4,2
arid/Pick/Pick_3_2.mp4,2
arid/Pick/Pick_3_3.mp4,2
arid/Pick/Pick_3_4.mp4,2
arid/Pick/Pick_3_5.mp4,2
arid/Pick/Pick_3_6.mp4,2
arid/Pick/Pick_4_1.mp4,2
arid/Pick/Pick_4_10.mp4,2
arid/Pick/Pick_4_12.mp4,2
arid/Pick/Pick_4_13.mp4,2
arid/Pick/Pick_4_14.mp4,2
arid/Pick/Pick_4_16.mp4,2
arid/Pick/Pick_4_17.mp4,2
arid/Pick/Pick_4_18.mp4,2
arid/Pick/Pick_4_2.mp4,2
arid/Pick/Pick_4_20.mp4,2
arid/Pick/Pick_4_3.mp4,2
arid/Pick/Pick_4_5.mp4,2
arid/Pick/Pick_4_7.mp4,2
arid/Pick/Pick_4_8.mp4,2
arid/Pick/Pick_5_1.mp4,2
arid/Pick/Pick_5_10.mp4,2
arid/Pick/Pick_5_11.mp4,2
arid/Pick/Pick_5_13.mp4,2
arid/Pick/Pick_5_14.mp4,2
arid/Pick/Pick_5_16.mp4,2
arid/Pick/Pick_5_17.mp4,2
arid/Pick/Pick_5_2.mp4,2
arid/Pick/Pick_5_3.mp4,2
arid/Pick/Pick_5_4.mp4,2
arid/Pick/Pick_5_5.mp4,2
arid/Pick/Pick_5_6.mp4,2
arid/Pick/Pick_5_7.mp4,2
arid/Pick/Pick_5_8.mp4,2
arid/Pick/Pick_6_1.mp4,2
arid/Pick/Pick_6_2.mp4,2
arid/Pick/Pick_6_3.mp4,2
arid/Pick/Pick_6_4.mp4,2
arid/Pick/Pick_6_5.mp4,2
arid/Pick/Pick_6_6.mp4,2
arid/Pick/Pick_6_7.mp4,2
arid/Pick/Pick_6_8.mp4,2
arid/Pick/Pick_7_1.mp4,2
arid/Pick/Pick_7_2.mp4,2
arid/Pick/Pick_7_3.mp4,2
arid/Pick/Pick_7_4.mp4,2
arid/Pick/Pick_7_5.mp4,2
arid/Pick/Pick_7_6.mp4,2
arid/Pick/Pick_8_1.mp4,2
arid/Pick/Pick_8_10.mp4,2
arid/Pick/Pick_8_11.mp4,2
arid/Pick/Pick_8_12.mp4,2
arid/Pick/Pick_8_13.mp4,2
arid/Pick/Pick_8_2.mp4,2
arid/Pick/Pick_8_3.mp4,2
arid/Pick/Pick_8_4.mp4,2
arid/Pick/Pick_8_5.mp4,2
arid/Pick/Pick_8_6.mp4,2
arid/Pick/Pick_8_7.mp4,2
arid/Pick/Pick_8_8.mp4,2
arid/Pick/Pick_8_9.mp4,2
arid/Pick/Pick_9_1.mp4,2
arid/Pick/Pick_9_10.mp4,2
arid/Pick/Pick_9_11.mp4,2
arid/Pick/Pick_9_13.mp4,2
arid/Pick/Pick_9_14.mp4,2
arid/Pick/Pick_9_15.mp4,2
arid/Pick/Pick_9_16.mp4,2
arid/Pick/Pick_9_17.mp4,2
arid/Pick/Pick_9_2.mp4,2
arid/Pick/Pick_9_3.mp4,2
arid/Pick/Pick_9_4.mp4,2
arid/Pick/Pick_9_5.mp4,2
arid/Pick/Pick_9_6.mp4,2
arid/Pick/Pick_9_7.mp4,2
arid/Pour/Pour_10_1.mp4,3
arid/Pour/Pour_10_10.mp4,3
arid/Pour/Pour_10_11.mp4,3
arid/Pour/Pour_10_12.mp4,3
arid/Pour/Pour_10_13.mp4,3
arid/Pour/Pour_10_14.mp4,3
arid/Pour/Pour_10_15.mp4,3
arid/Pour/Pour_10_16.mp4,3
arid/Pour/Pour_10_17.mp4,3
arid/Pour/Pour_10_18.mp4,3
arid/Pour/Pour_10_19.mp4,3
arid/Pour/Pour_10_2.mp4,3
arid/Pour/Pour_10_20.mp4,3
arid/Pour/Pour_10_21.mp4,3
arid/Pour/Pour_10_22.mp4,3
arid/Pour/Pour_10_3.mp4,3
arid/Pour/Pour_10_4.mp4,3
arid/Pour/Pour_10_5.mp4,3
arid/Pour/Pour_10_6.mp4,3
arid/Pour/Pour_10_7.mp4,3
arid/Pour/Pour_10_8.mp4,3
arid/Pour/Pour_10_9.mp4,3
arid/Pour/Pour_12_1.mp4,3
arid/Pour/Pour_12_10.mp4,3
arid/Pour/Pour_12_2.mp4,3
arid/Pour/Pour_12_3.mp4,3
arid/Pour/Pour_12_4.mp4,3
arid/Pour/Pour_12_5.mp4,3
arid/Pour/Pour_12_6.mp4,3
arid/Pour/Pour_12_7.mp4,3
arid/Pour/Pour_12_8.mp4,3
arid/Pour/Pour_12_9.mp4,3
arid/Pour/Pour_13_1.mp4,3
arid/Pour/Pour_13_10.mp4,3
arid/Pour/Pour_13_11.mp4,3
arid/Pour/Pour_13_2.mp4,3
arid/Pour/Pour_13_3.mp4,3
arid/Pour/Pour_13_4.mp4,3
arid/Pour/Pour_13_5.mp4,3
arid/Pour/Pour_13_6.mp4,3
arid/Pour/Pour_13_7.mp4,3
arid/Pour/Pour_13_8.mp4,3
arid/Pour/Pour_13_9.mp4,3
arid/Pour/Pour_14_1.mp4,3
arid/Pour/Pour_14_10.mp4,3
arid/Pour/Pour_14_11.mp4,3
arid/Pour/Pour_14_13.mp4,3
arid/Pour/Pour_14_14.mp4,3
arid/Pour/Pour_14_15.mp4,3
arid/Pour/Pour_14_17.mp4,3
arid/Pour/Pour_14_18.mp4,3
arid/Pour/Pour_14_19.mp4,3
arid/Pour/Pour_14_2.mp4,3
arid/Pour/Pour_14_20.mp4,3
arid/Pour/Pour_14_21.mp4,3
arid/Pour/Pour_14_22.mp4,3
arid/Pour/Pour_14_23.mp4,3
arid/Pour/Pour_14_24.mp4,3
arid/Pour/Pour_14_3.mp4,3
arid/Pour/Pour_14_4.mp4,3
arid/Pour/Pour_14_5.mp4,3
arid/Pour/Pour_14_6.mp4,3
arid/Pour/Pour_14_7.mp4,3
arid/Pour/Pour_14_8.mp4,3
arid/Pour/Pour_14_9.mp4,3
arid/Pour/Pour_15_10.mp4,3
arid/Pour/Pour_15_11.mp4,3
arid/Pour/Pour_15_12.mp4,3
arid/Pour/Pour_15_13.mp4,3
arid/Pour/Pour_15_14.mp4,3
arid/Pour/Pour_15_15.mp4,3
arid/Pour/Pour_15_16.mp4,3
arid/Pour/Pour_15_18.mp4,3
arid/Pour/Pour_15_19.mp4,3
arid/Pour/Pour_15_2.mp4,3
arid/Pour/Pour_15_20.mp4,3
arid/Pour/Pour_15_22.mp4,3
arid/Pour/Pour_15_25.mp4,3
arid/Pour/Pour_15_26.mp4,3
arid/Pour/Pour_15_27.mp4,3
arid/Pour/Pour_15_28.mp4,3
arid/Pour/Pour_15_29.mp4,3
arid/Pour/Pour_15_3.mp4,3
arid/Pour/Pour_15_31.mp4,3
arid/Pour/Pour_15_4.mp4,3
arid/Pour/Pour_15_5.mp4,3
arid/Pour/Pour_15_9.mp4,3
arid/Pour/Pour_16_1.mp4,3
arid/Pour/Pour_16_10.mp4,3
arid/Pour/Pour_16_11.mp4,3
arid/Pour/Pour_16_12.mp4,3
arid/Pour/Pour_16_13.mp4,3
arid/Pour/Pour_16_14.mp4,3
arid/Pour/Pour_16_15.mp4,3
arid/Pour/Pour_16_16.mp4,3
arid/Pour/Pour_16_17.mp4,3
arid/Pour/Pour_16_18.mp4,3
arid/Pour/Pour_16_2.mp4,3
arid/Pour/Pour_16_3.mp4,3
arid/Pour/Pour_16_4.mp4,3
arid/Pour/Pour_16_5.mp4,3
arid/Pour/Pour_16_6.mp4,3
arid/Pour/Pour_16_7.mp4,3
arid/Pour/Pour_16_8.mp4,3
arid/Pour/Pour_16_9.mp4,3
arid/Pour/Pour_18_1.mp4,3
arid/Pour/Pour_18_11.mp4,3
arid/Pour/Pour_18_13.mp4,3
arid/Pour/Pour_18_14.mp4,3
arid/Pour/Pour_18_16.mp4,3
arid/Pour/Pour_18_19.mp4,3
arid/Pour/Pour_18_2.mp4,3
arid/Pour/Pour_18_22.mp4,3
arid/Pour/Pour_18_24.mp4,3
arid/Pour/Pour_18_27.mp4,3
arid/Pour/Pour_18_29.mp4,3
arid/Pour/Pour_18_3.mp4,3
arid/Pour/Pour_18_30.mp4,3
arid/Pour/Pour_18_31.mp4,3
arid/Pour/Pour_18_32.mp4,3
arid/Pour/Pour_18_33.mp4,3
arid/Pour/Pour_18_34.mp4,3
arid/Pour/Pour_18_35.mp4,3
arid/Pour/Pour_18_5.mp4,3
arid/Pour/Pour_18_6.mp4,3
arid/Pour/Pour_18_7.mp4,3
arid/Pour/Pour_18_8.mp4,3
arid/Pour/Pour_19_1.mp4,3
arid/Pour/Pour_19_10.mp4,3
arid/Pour/Pour_19_11.mp4,3
arid/Pour/Pour_19_12.mp4,3
arid/Pour/Pour_19_13.mp4,3
arid/Pour/Pour_19_14.mp4,3
arid/Pour/Pour_19_15.mp4,3
arid/Pour/Pour_19_16.mp4,3
arid/Pour/Pour_19_17.mp4,3
arid/Pour/Pour_19_18.mp4,3
arid/Pour/Pour_19_19.mp4,3
arid/Pour/Pour_19_2.mp4,3
arid/Pour/Pour_19_20.mp4,3
arid/Pour/Pour_19_21.mp4,3
arid/Pour/Pour_19_3.mp4,3
arid/Pour/Pour_19_4.mp4,3
arid/Pour/Pour_19_5.mp4,3
arid/Pour/Pour_19_6.mp4,3
arid/Pour/Pour_19_7.mp4,3
arid/Pour/Pour_19_8.mp4,3
arid/Pour/Pour_19_9.mp4,3
arid/Pour/Pour_1_1.mp4,3
arid/Pour/Pour_1_10.mp4,3
arid/Pour/Pour_1_11.mp4,3
arid/Pour/Pour_1_12.mp4,3
arid/Pour/Pour_1_13.mp4,3
arid/Pour/Pour_1_14.mp4,3
arid/Pour/Pour_1_15.mp4,3
arid/Pour/Pour_1_16.mp4,3
arid/Pour/Pour_1_17.mp4,3
arid/Pour/Pour_1_2.mp4,3
arid/Pour/Pour_1_3.mp4,3
arid/Pour/Pour_1_4.mp4,3
arid/Pour/Pour_1_5.mp4,3
arid/Pour/Pour_1_6.mp4,3
arid/Pour/Pour_1_7.mp4,3
arid/Pour/Pour_1_8.mp4,3
arid/Pour/Pour_1_9.mp4,3
arid/Pour/Pour_20_1.mp4,3
arid/Pour/Pour_20_11.mp4,3
arid/Pour/Pour_20_16.mp4,3
arid/Pour/Pour_20_17.mp4,3
arid/Pour/Pour_20_2.mp4,3
arid/Pour/Pour_20_20.mp4,3
arid/Pour/Pour_20_21.mp4,3
arid/Pour/Pour_20_22.mp4,3
arid/Pour/Pour_20_23.mp4,3
arid/Pour/Pour_20_24.mp4,3
arid/Pour/Pour_20_25.mp4,3
arid/Pour/Pour_20_27.mp4,3
arid/Pour/Pour_20_29.mp4,3
arid/Pour/Pour_20_3.mp4,3
arid/Pour/Pour_20_30.mp4,3
arid/Pour/Pour_20_31.mp4,3
arid/Pour/Pour_20_33.mp4,3
arid/Pour/Pour_20_34.mp4,3
arid/Pour/Pour_20_35.mp4,3
arid/Pour/Pour_20_4.mp4,3
arid/Pour/Pour_20_6.mp4,3
arid/Pour/Pour_20_9.mp4,3
arid/Pour/Pour_23_1.mp4,3
arid/Pour/Pour_23_10.mp4,3
arid/Pour/Pour_23_11.mp4,3
arid/Pour/Pour_23_12.mp4,3
arid/Pour/Pour_23_13.mp4,3
arid/Pour/Pour_23_14.mp4,3
arid/Pour/Pour_23_15.mp4,3
arid/Pour/Pour_23_16.mp4,3
arid/Pour/Pour_23_17.mp4,3
arid/Pour/Pour_23_18.mp4,3
arid/Pour/Pour_23_19.mp4,3
arid/Pour/Pour_23_2.mp4,3
arid/Pour/Pour_23_20.mp4,3
arid/Pour/Pour_23_21.mp4,3
arid/Pour/Pour_23_22.mp4,3
arid/Pour/Pour_23_3.mp4,3
arid/Pour/Pour_23_4.mp4,3
arid/Pour/Pour_23_5.mp4,3
arid/Pour/Pour_23_6.mp4,3
arid/Pour/Pour_23_7.mp4,3
arid/Pour/Pour_23_8.mp4,3
arid/Pour/Pour_23_9.mp4,3
arid/Pour/Pour_25_1.mp4,3
arid/Pour/Pour_25_10.mp4,3
arid/Pour/Pour_25_11.mp4,3
arid/Pour/Pour_25_12.mp4,3
arid/Pour/Pour_25_13.mp4,3
arid/Pour/Pour_25_15.mp4,3
arid/Pour/Pour_25_16.mp4,3
arid/Pour/Pour_25_17.mp4,3
arid/Pour/Pour_25_2.mp4,3
arid/Pour/Pour_25_21.mp4,3
arid/Pour/Pour_25_22.mp4,3
arid/Pour/Pour_25_23.mp4,3
arid/Pour/Pour_25_25.mp4,3
arid/Pour/Pour_25_27.mp4,3
arid/Pour/Pour_25_28.mp4,3
arid/Pour/Pour_25_29.mp4,3
arid/Pour/Pour_25_3.mp4,3
arid/Pour/Pour_25_31.mp4,3
arid/Pour/Pour_25_4.mp4,3
arid/Pour/Pour_25_5.mp4,3
arid/Pour/Pour_25_6.mp4,3
arid/Pour/Pour_25_7.mp4,3
arid/Pour/Pour_2_1.mp4,3
arid/Pour/Pour_2_10.mp4,3
arid/Pour/Pour_2_11.mp4,3
arid/Pour/Pour_2_12.mp4,3
arid/Pour/Pour_2_13.mp4,3
arid/Pour/Pour_2_14.mp4,3
arid/Pour/Pour_2_15.mp4,3
arid/Pour/Pour_2_16.mp4,3
arid/Pour/Pour_2_17.mp4,3
arid/Pour/Pour_2_2.mp4,3
arid/Pour/Pour_2_3.mp4,3
arid/Pour/Pour_2_4.mp4,3
arid/Pour/Pour_2_5.mp4,3
arid/Pour/Pour_2_6.mp4,3
arid/Pour/Pour_2_7.mp4,3
arid/Pour/Pour_2_8.mp4,3
arid/Pour/Pour_2_9.mp4,3
arid/Pour/Pour_3_1.mp4,3
arid/Pour/Pour_3_10.mp4,3
arid/Pour/Pour_3_11.mp4,3
arid/Pour/Pour_3_12.mp4,3
arid/Pour/Pour_3_13.mp4,3
arid/Pour/Pour_3_14.mp4,3
arid/Pour/Pour_3_15.mp4,3
arid/Pour/Pour_3_16.mp4,3
arid/Pour/Pour_3_17.mp4,3
arid/Pour/Pour_3_18.mp4,3
arid/Pour/Pour_3_2.mp4,3
arid/Pour/Pour_3_3.mp4,3
arid/Pour/Pour_3_4.mp4,3
arid/Pour/Pour_3_5.mp4,3
arid/Pour/Pour_3_6.mp4,3
arid/Pour/Pour_3_7.mp4,3
arid/Pour/Pour_3_8.mp4,3
arid/Pour/Pour_3_9.mp4,3
arid/Pour/Pour_5_1.mp4,3
arid/Pour/Pour_5_10.mp4,3
arid/Pour/Pour_5_11.mp4,3
arid/Pour/Pour_5_2.mp4,3
arid/Pour/Pour_5_3.mp4,3
arid/Pour/Pour_5_4.mp4,3
arid/Pour/Pour_5_5.mp4,3
arid/Pour/Pour_5_6.mp4,3
arid/Pour/Pour_5_7.mp4,3
arid/Pour/Pour_5_8.mp4,3
arid/Pour/Pour_5_9.mp4,3
arid/Pour/Pour_6_1.mp4,3
arid/Pour/Pour_6_10.mp4,3
arid/Pour/Pour_6_11.mp4,3
arid/Pour/Pour_6_12.mp4,3
arid/Pour/Pour_6_13.mp4,3
arid/Pour/Pour_6_2.mp4,3
arid/Pour/Pour_6_3.mp4,3
arid/Pour/Pour_6_4.mp4,3
arid/Pour/Pour_6_5.mp4,3
arid/Pour/Pour_6_6.mp4,3
arid/Pour/Pour_6_7.mp4,3
arid/Pour/Pour_6_8.mp4,3
arid/Pour/Pour_6_9.mp4,3
arid/Pour/Pour_8_1.mp4,3
arid/Pour/Pour_8_16.mp4,3
arid/Pour/Pour_8_18.mp4,3
arid/Pour/Pour_8_20.mp4,3
arid/Pour/Pour_8_21.mp4,3
arid/Pour/Pour_8_22.mp4,3
arid/Pour/Pour_8_23.mp4,3
arid/Pour/Pour_8_24.mp4,3
arid/Pour/Pour_8_25.mp4,3
arid/Pour/Pour_8_27.mp4,3
arid/Pour/Pour_8_30.mp4,3
arid/Pour/Pour_8_31.mp4,3
arid/Pour/Pour_8_32.mp4,3
arid/Pour/Pour_8_35.mp4,3
arid/Pour/Pour_8_37.mp4,3
arid/Pour/Pour_8_40.mp4,3
arid/Pour/Pour_8_42.mp4,3
arid/Pour/Pour_8_44.mp4,3
arid/Pour/Pour_8_6.mp4,3
arid/Pour/Pour_8_7.mp4,3
arid/Pour/Pour_8_8.mp4,3
arid/Pour/Pour_8_9.mp4,3
arid/Pour/Pour_9_1.mp4,3
arid/Pour/Pour_9_10.mp4,3
arid/Pour/Pour_9_11.mp4,3
arid/Pour/Pour_9_12.mp4,3
arid/Pour/Pour_9_13.mp4,3
arid/Pour/Pour_9_2.mp4,3
arid/Pour/Pour_9_3.mp4,3
arid/Pour/Pour_9_4.mp4,3
arid/Pour/Pour_9_5.mp4,3
arid/Pour/Pour_9_6.mp4,3
arid/Pour/Pour_9_7.mp4,3
arid/Pour/Pour_9_8.mp4,3
arid/Pour/Pour_9_9.mp4,3
arid/Push/Push_10_1.mp4,4
arid/Push/Push_10_13.mp4,4
arid/Push/Push_10_14.mp4,4
arid/Push/Push_10_16.mp4,4
arid/Push/Push_10_17.mp4,4
arid/Push/Push_10_18.mp4,4
arid/Push/Push_10_2.mp4,4
arid/Push/Push_10_20.mp4,4
arid/Push/Push_10_22.mp4,4
arid/Push/Push_10_23.mp4,4
arid/Push/Push_10_25.mp4,4
arid/Push/Push_10_26.mp4,4
arid/Push/Push_10_27.mp4,4
arid/Push/Push_10_28.mp4,4
arid/Push/Push_10_29.mp4,4
arid/Push/Push_10_3.mp4,4
arid/Push/Push_10_30.mp4,4
arid/Push/Push_10_32.mp4,4
arid/Push/Push_10_33.mp4,4
arid/Push/Push_10_34.mp4,4
arid/Push/Push_10_35.mp4,4
arid/Push/Push_10_36.mp4,4
arid/Push/Push_10_37.mp4,4
arid/Push/Push_10_4.mp4,4
arid/Push/Push_10_5.mp4,4
arid/Push/Push_10_6.mp4,4
arid/Push/Push_10_7.mp4,4
arid/Push/Push_10_8.mp4,4
arid/Push/Push_10_9.mp4,4
arid/Push/Push_11_1.mp4,4
arid/Push/Push_11_11.mp4,4
arid/Push/Push_11_12.mp4,4
arid/Push/Push_11_13.mp4,4
arid/Push/Push_11_14.mp4,4
arid/Push/Push_11_15.mp4,4
arid/Push/Push_11_16.mp4,4
arid/Push/Push_11_2.mp4,4
arid/Push/Push_11_20.mp4,4
arid/Push/Push_11_21.mp4,4
arid/Push/Push_11_22.mp4,4
arid/Push/Push_11_23.mp4,4
arid/Push/Push_11_24.mp4,4
arid/Push/Push_11_26.mp4,4
arid/Push/Push_11_27.mp4,4
arid/Push/Push_11_29.mp4,4
arid/Push/Push_11_30.mp4,4
arid/Push/Push_11_31.mp4,4
arid/Push/Push_11_33.mp4,4
arid/Push/Push_11_34.mp4,4
arid/Push/Push_11_35.mp4,4
arid/Push/Push_11_36.mp4,4
arid/Push/Push_11_37.mp4,4
arid/Push/Push_11_4.mp4,4
arid/Push/Push_11_5.mp4,4
arid/Push/Push_11_6.mp4,4
arid/Push/Push_11_7.mp4,4
arid/Push/Push_11_8.mp4,4
arid/Push/Push_11_9.mp4,4
arid/Push/Push_14_1.mp4,4
arid/Push/Push_14_10.mp4,4
arid/Push/Push_14_11.mp4,4
arid/Push/Push_14_13.mp4,4
arid/Push/Push_14_15.mp4,4
arid/Push/Push_14_16.mp4,4
arid/Push/Push_14_18.mp4,4
arid/Push/Push_14_20.mp4,4
arid/Push/Push_14_21.mp4,4
arid/Push/Push_14_22.mp4,4
arid/Push/Push_14_28.mp4,4
arid/Push/Push_14_3.mp4,4
arid/Push/Push_14_30.mp4,4
arid/Push/Push_14_31.mp4,4
arid/Push/Push_14_32.mp4,4
arid/Push/Push_14_33.mp4,4
arid/Push/Push_14_34.mp4,4
arid/Push/Push_14_35.mp4,4
arid/Push/Push_14_36.mp4,4
arid/Push/Push_14_37.mp4,4
arid/Push/Push_14_39.mp4,4
arid/Push/Push_14_4.mp4,4
arid/Push/Push_14_40.mp4,4
arid/Push/Push_14_41.mp4,4
arid/Push/Push_14_43.mp4,4
arid/Push/Push_14_6.mp4,4
arid/Push/Push_14_7.mp4,4
arid/Push/Push_14_8.mp4,4
arid/Push/Push_14_9.mp4,4
arid/Push/Push_15_1.mp4,4
arid/Push/Push_15_10.mp4,4
arid/Push/Push_15_11.mp4,4
arid/Push/Push_15_12.mp4,4
arid/Push/Push_15_13.mp4,4
arid/Push/Push_15_14.mp4,4
arid/Push/Push_15_15.mp4,4
arid/Push/Push_15_16.mp4,4
arid/Push/Push_15_17.mp4,4
arid/Push/Push_15_18.mp4,4
arid/Push/Push_15_19.mp4,4
arid/Push/Push_15_2.mp4,4
arid/Push/Push_15_20.mp4,4
arid/Push/Push_15_21.mp4,4
arid/Push/Push_15_22.mp4,4
arid/Push/Push_15_3.mp4,4
arid/Push/Push_15_4.mp4,4
arid/Push/Push_15_5.mp4,4
arid/Push/Push_15_6.mp4,4
arid/Push/Push_15_7.mp4,4
arid/Push/Push_15_8.mp4,4
arid/Push/Push_15_9.mp4,4
arid/Push/Push_16_1.mp4,4
arid/Push/Push_16_10.mp4,4
arid/Push/Push_16_11.mp4,4
arid/Push/Push_16_12.mp4,4
arid/Push/Push_16_13.mp4,4
arid/Push/Push_16_14.mp4,4
arid/Push/Push_16_15.mp4,4
arid/Push/Push_16_16.mp4,4
arid/Push/Push_16_17.mp4,4
arid/Push/Push_16_18.mp4,4
arid/Push/Push_16_19.mp4,4
arid/Push/Push_16_2.mp4,4
arid/Push/Push_16_20.mp4,4
arid/Push/Push_16_21.mp4,4
arid/Push/Push_16_23.mp4,4
arid/Push/Push_16_24.mp4,4
arid/Push/Push_16_25.mp4,4
arid/Push/Push_16_26.mp4,4
arid/Push/Push_16_27.mp4,4
arid/Push/Push_16_29.mp4,4
arid/Push/Push_16_3.mp4,4
arid/Push/Push_16_31.mp4,4
arid/Push/Push_16_32.mp4,4
arid/Push/Push_16_4.mp4,4
arid/Push/Push_16_5.mp4,4
arid/Push/Push_16_6.mp4,4
arid/Push/Push_16_7.mp4,4
arid/Push/Push_16_8.mp4,4
arid/Push/Push_16_9.mp4,4
arid/Push/Push_17_1.mp4,4
arid/Push/Push_17_10.mp4,4
arid/Push/Push_17_11.mp4,4
arid/Push/Push_17_12.mp4,4
arid/Push/Push_17_13.mp4,4
arid/Push/Push_17_14.mp4,4
arid/Push/Push_17_15.mp4,4
arid/Push/Push_17_16.mp4,4
arid/Push/Push_17_17.mp4,4
arid/Push/Push_17_18.mp4,4
arid/Push/Push_17_19.mp4,4
arid/Push/Push_17_2.mp4,4
arid/Push/Push_17_20.mp4,4
arid/Push/Push_17_3.mp4,4
arid/Push/Push_17_4.mp4,4
arid/Push/Push_17_5.mp4,4
arid/Push/Push_17_6.mp4,4
arid/Push/Push_17_7.mp4,4
arid/Push/Push_17_8.mp4,4
arid/Push/Push_17_9.mp4,4
arid/Push/Push_18_1.mp4,4
arid/Push/Push_18_10.mp4,4
arid/Push/Push_18_11.mp4,4
arid/Push/Push_18_12.mp4,4
arid/Push/Push_18_13.mp4,4
arid/Push/Push_18_14.mp4,4
arid/Push/Push_18_15.mp4,4
arid/Push/Push_18_16.mp4,4
arid/Push/Push_18_17.mp4,4
arid/Push/Push_18_18.mp4,4
arid/Push/Push_18_19.mp4,4
arid/Push/Push_18_2.mp4,4
arid/Push/Push_18_3.mp4,4
arid/Push/Push_18_4.mp4,4
arid/Push/Push_18_5.mp4,4
arid/Push/Push_18_6.mp4,4
arid/Push/Push_18_7.mp4,4
arid/Push/Push_18_8.mp4,4
arid/Push/Push_18_9.mp4,4
arid/Push/Push_19_1.mp4,4
arid/Push/Push_19_10.mp4,4
arid/Push/Push_19_11.mp4,4
arid/Push/Push_19_12.mp4,4
arid/Push/Push_19_13.mp4,4
arid/Push/Push_19_14.mp4,4
arid/Push/Push_19_15.mp4,4
arid/Push/Push_19_16.mp4,4
arid/Push/Push_19_17.mp4,4
arid/Push/Push_19_18.mp4,4
arid/Push/Push_19_19.mp4,4
arid/Push/Push_19_2.mp4,4
arid/Push/Push_19_20.mp4,4
arid/Push/Push_19_21.mp4,4
arid/Push/Push_19_22.mp4,4
arid/Push/Push_19_23.mp4,4
arid/Push/Push_19_3.mp4,4
arid/Push/Push_19_4.mp4,4
arid/Push/Push_19_5.mp4,4
arid/Push/Push_19_6.mp4,4
arid/Push/Push_19_7.mp4,4
arid/Push/Push_19_8.mp4,4
arid/Push/Push_19_9.mp4,4
arid/Push/Push_1_1.mp4,4
arid/Push/Push_1_2.mp4,4
arid/Push/Push_1_3.mp4,4
arid/Push/Push_1_4.mp4,4
arid/Push/Push_1_5.mp4,4
arid/Push/Push_1_6.mp4,4
arid/Push/Push_1_7.mp4,4
arid/Push/Push_21_1.mp4,4
arid/Push/Push_21_10.mp4,4
arid/Push/Push_21_11.mp4,4
arid/Push/Push_21_12.mp4,4
arid/Push/Push_21_13.mp4,4
arid/Push/Push_21_14.mp4,4
arid/Push/Push_21_15.mp4,4
arid/Push/Push_21_16.mp4,4
arid/Push/Push_21_17.mp4,4
arid/Push/Push_21_18.mp4,4
arid/Push/Push_21_2.mp4,4
arid/Push/Push_21_3.mp4,4
arid/Push/Push_21_4.mp4,4
arid/Push/Push_21_5.mp4,4
arid/Push/Push_21_6.mp4,4
arid/Push/Push_21_7.mp4,4
arid/Push/Push_21_8.mp4,4
arid/Push/Push_21_9.mp4,4
arid/Push/Push_2_1.mp4,4
arid/Push/Push_2_10.mp4,4
arid/Push/Push_2_11.mp4,4
arid/Push/Push_2_2.mp4,4
arid/Push/Push_2_3.mp4,4
arid/Push/Push_2_4.mp4,4
arid/Push/Push_2_5.mp4,4
arid/Push/Push_2_6.mp4,4
arid/Push/Push_2_7.mp4,4
arid/Push/Push_2_8.mp4,4
arid/Push/Push_2_9.mp4,4
arid/Push/Push_3_1.mp4,4
arid/Push/Push_3_10.mp4,4
arid/Push/Push_3_11.mp4,4
arid/Push/Push_3_12.mp4,4
arid/Push/Push_3_13.mp4,4
arid/Push/Push_3_14.mp4,4
arid/Push/Push_3_15.mp4,4
arid/Push/Push_3_16.mp4,4
arid/Push/Push_3_17.mp4,4
arid/Push/Push_3_18.mp4,4
arid/Push/Push_3_19.mp4,4
arid/Push/Push_3_2.mp4,4
arid/Push/Push_3_3.mp4,4
arid/Push/Push_3_4.mp4,4
arid/Push/Push_3_5.mp4,4
arid/Push/Push_3_6.mp4,4
arid/Push/Push_3_7.mp4,4
arid/Push/Push_3_8.mp4,4
arid/Push/Push_3_9.mp4,4
arid/Push/Push_7_1.mp4,4
arid/Push/Push_7_10.mp4,4
arid/Push/Push_7_11.mp4,4
arid/Push/Push_7_13.mp4,4
arid/Push/Push_7_14.mp4,4
arid/Push/Push_7_15.mp4,4
arid/Push/Push_7_17.mp4,4
arid/Push/Push_7_18.mp4,4
arid/Push/Push_7_19.mp4,4
arid/Push/Push_7_2.mp4,4
arid/Push/Push_7_20.mp4,4
arid/Push/Push_7_23.mp4,4
arid/Push/Push_7_25.mp4,4
arid/Push/Push_7_27.mp4,4
arid/Push/Push_7_33.mp4,4
arid/Push/Push_7_34.mp4,4
arid/Push/Push_7_38.mp4,4
arid/Push/Push_7_39.mp4,4
arid/Push/Push_7_40.mp4,4
arid/Push/Push_7_43.mp4,4
arid/Push/Push_7_49.mp4,4
arid/Push/Push_7_5.mp4,4
arid/Push/Push_7_50.mp4,4
arid/Push/Push_7_56.mp4,4
arid/Push/Push_7_6.mp4,4
arid/Push/Push_7_60.mp4,4
arid/Push/Push_7_61.mp4,4
arid/Push/Push_7_63.mp4,4
arid/Push/Push_7_8.mp4,4
arid/Push/Push_8_1.mp4,4
arid/Push/Push_8_11.mp4,4
arid/Push/Push_8_12.mp4,4
arid/Push/Push_8_14.mp4,4
arid/Push/Push_8_16.mp4,4
arid/Push/Push_8_17.mp4,4
arid/Push/Push_8_19.mp4,4
arid/Push/Push_8_2.mp4,4
arid/Push/Push_8_21.mp4,4
arid/Push/Push_8_24.mp4,4
arid/Push/Push_8_29.mp4,4
arid/Push/Push_8_3.mp4,4
arid/Push/Push_8_32.mp4,4
arid/Push/Push_8_34.mp4,4
arid/Push/Push_8_35.mp4,4
arid/Push/Push_8_36.mp4,4
arid/Push/Push_8_37.mp4,4
arid/Push/Push_8_38.mp4,4
arid/Push/Push_8_40.mp4,4
arid/Push/Push_8_41.mp4,4
arid/Push/Push_8_42.mp4,4
arid/Push/Push_8_45.mp4,4
arid/Push/Push_8_47.mp4,4
arid/Push/Push_8_48.mp4,4
arid/Push/Push_8_49.mp4,4
arid/Push/Push_8_5.mp4,4
arid/Push/Push_8_50.mp4,4
arid/Push/Push_8_6.mp4,4
arid/Push/Push_8_9.mp4,4
arid/Push/Push_9_1.mp4,4
arid/Push/Push_9_10.mp4,4
arid/Push/Push_9_11.mp4,4
arid/Push/Push_9_13.mp4,4
arid/Push/Push_9_14.mp4,4
arid/Push/Push_9_15.mp4,4
arid/Push/Push_9_16.mp4,4
arid/Push/Push_9_17.mp4,4
arid/Push/Push_9_18.mp4,4
arid/Push/Push_9_19.mp4,4
arid/Push/Push_9_2.mp4,4
arid/Push/Push_9_20.mp4,4
arid/Push/Push_9_21.mp4,4
arid/Push/Push_9_22.mp4,4
arid/Push/Push_9_23.mp4,4
arid/Push/Push_9_24.mp4,4
arid/Push/Push_9_25.mp4,4
arid/Push/Push_9_26.mp4,4
arid/Push/Push_9_27.mp4,4
arid/Push/Push_9_28.mp4,4
arid/Push/Push_9_29.mp4,4
arid/Push/Push_9_3.mp4,4
arid/Push/Push_9_30.mp4,4
arid/Push/Push_9_32.mp4,4
arid/Push/Push_9_4.mp4,4
arid/Push/Push_9_5.mp4,4
arid/Push/Push_9_6.mp4,4
arid/Push/Push_9_8.mp4,4
arid/Push/Push_9_9.mp4,4
arid/Wave/Wave_10_1.mp4,7
arid/Wave/Wave_10_10.mp4,7
arid/Wave/Wave_10_11.mp4,7
arid/Wave/Wave_10_12.mp4,7
arid/Wave/Wave_10_13.mp4,7
arid/Wave/Wave_10_14.mp4,7
arid/Wave/Wave_10_15.mp4,7
arid/Wave/Wave_10_16.mp4,7
arid/Wave/Wave_10_17.mp4,7
arid/Wave/Wave_10_18.mp4,7
arid/Wave/Wave_10_19.mp4,7
arid/Wave/Wave_10_2.mp4,7
arid/Wave/Wave_10_20.mp4,7
arid/Wave/Wave_10_3.mp4,7
arid/Wave/Wave_10_4.mp4,7
arid/Wave/Wave_10_5.mp4,7
arid/Wave/Wave_10_6.mp4,7
arid/Wave/Wave_10_7.mp4,7
arid/Wave/Wave_10_8.mp4,7
arid/Wave/Wave_10_9.mp4,7
arid/Wave/Wave_11_1.mp4,7
arid/Wave/Wave_11_10.mp4,7
arid/Wave/Wave_11_11.mp4,7
arid/Wave/Wave_11_12.mp4,7
arid/Wave/Wave_11_13.mp4,7
arid/Wave/Wave_11_14.mp4,7
arid/Wave/Wave_11_15.mp4,7
arid/Wave/Wave_11_16.mp4,7
arid/Wave/Wave_11_17.mp4,7
arid/Wave/Wave_11_18.mp4,7
arid/Wave/Wave_11_19.mp4,7
arid/Wave/Wave_11_2.mp4,7
arid/Wave/Wave_11_20.mp4,7
arid/Wave/Wave_11_21.mp4,7
arid/Wave/Wave_11_22.mp4,7
arid/Wave/Wave_11_23.mp4,7
arid/Wave/Wave_11_24.mp4,7
arid/Wave/Wave_11_3.mp4,7
arid/Wave/Wave_11_4.mp4,7
arid/Wave/Wave_11_5.mp4,7
arid/Wave/Wave_11_6.mp4,7
arid/Wave/Wave_11_7.mp4,7
arid/Wave/Wave_11_8.mp4,7
arid/Wave/Wave_11_9.mp4,7
arid/Wave/Wave_13_12.mp4,7
arid/Wave/Wave_13_13.mp4,7
arid/Wave/Wave_13_14.mp4,7
arid/Wave/Wave_13_15.mp4,7
arid/Wave/Wave_13_17.mp4,7
arid/Wave/Wave_13_18.mp4,7
arid/Wave/Wave_13_2.mp4,7
arid/Wave/Wave_13_20.mp4,7
arid/Wave/Wave_13_21.mp4,7
arid/Wave/Wave_13_22.mp4,7
arid/Wave/Wave_13_29.mp4,7
arid/Wave/Wave_13_3.mp4,7
arid/Wave/Wave_13_30.mp4,7
arid/Wave/Wave_13_33.mp4,7
arid/Wave/Wave_13_34.mp4,7
arid/Wave/Wave_13_36.mp4,7
arid/Wave/Wave_13_37.mp4,7
arid/Wave/Wave_13_38.mp4,7
arid/Wave/Wave_13_39.mp4,7
arid/Wave/Wave_13_4.mp4,7
arid/Wave/Wave_13_40.mp4,7
arid/Wave/Wave_13_5.mp4,7
arid/Wave/Wave_13_6.mp4,7
arid/Wave/Wave_13_7.mp4,7
arid/Wave/Wave_13_8.mp4,7
arid/Wave/Wave_13_9.mp4,7
arid/Wave/Wave_14_1.mp4,7
arid/Wave/Wave_14_10.mp4,7
arid/Wave/Wave_14_11.mp4,7
arid/Wave/Wave_14_12.mp4,7
arid/Wave/Wave_14_13.mp4,7
arid/Wave/Wave_14_14.mp4,7
arid/Wave/Wave_14_15.mp4,7
arid/Wave/Wave_14_16.mp4,7
arid/Wave/Wave_14_17.mp4,7
arid/Wave/Wave_14_18.mp4,7
arid/Wave/Wave_14_19.mp4,7
arid/Wave/Wave_14_2.mp4,7
arid/Wave/Wave_14_20.mp4,7
arid/Wave/Wave_14_21.mp4,7
arid/Wave/Wave_14_22.mp4,7
arid/Wave/Wave_14_23.mp4,7
arid/Wave/Wave_14_24.mp4,7
arid/Wave/Wave_14_26.mp4,7
arid/Wave/Wave_14_27.mp4,7
arid/Wave/Wave_14_28.mp4,7
arid/Wave/Wave_14_3.mp4,7
arid/Wave/Wave_14_4.mp4,7
arid/Wave/Wave_14_5.mp4,7
arid/Wave/Wave_14_7.mp4,7
arid/Wave/Wave_14_8.mp4,7
arid/Wave/Wave_14_9.mp4,7
arid/Wave/Wave_17_1.mp4,7
arid/Wave/Wave_17_10.mp4,7
arid/Wave/Wave_17_11.mp4,7
arid/Wave/Wave_17_12.mp4,7
arid/Wave/Wave_17_14.mp4,7
arid/Wave/Wave_17_17.mp4,7
arid/Wave/Wave_17_18.mp4,7
arid/Wave/Wave_17_19.mp4,7
arid/Wave/Wave_17_2.mp4,7
arid/Wave/Wave_17_20.mp4,7
arid/Wave/Wave_17_21.mp4,7
arid/Wave/Wave_17_22.mp4,7
arid/Wave/Wave_17_23.mp4,7
arid/Wave/Wave_17_25.mp4,7
arid/Wave/Wave_17_26.mp4,7
arid/Wave/Wave_17_27.mp4,7
arid/Wave/Wave_17_28.mp4,7
arid/Wave/Wave_17_29.mp4,7
arid/Wave/Wave_17_30.mp4,7
arid/Wave/Wave_17_31.mp4,7
arid/Wave/Wave_17_32.mp4,7
arid/Wave/Wave_17_33.mp4,7
arid/Wave/Wave_17_4.mp4,7
arid/Wave/Wave_17_5.mp4,7
arid/Wave/Wave_17_8.mp4,7
arid/Wave/Wave_17_9.mp4,7
arid/Wave/Wave_18_1.mp4,7
arid/Wave/Wave_18_10.mp4,7
arid/Wave/Wave_18_11.mp4,7
arid/Wave/Wave_18_12.mp4,7
arid/Wave/Wave_18_13.mp4,7
arid/Wave/Wave_18_14.mp4,7
arid/Wave/Wave_18_15.mp4,7
arid/Wave/Wave_18_16.mp4,7
arid/Wave/Wave_18_17.mp4,7
arid/Wave/Wave_18_18.mp4,7
arid/Wave/Wave_18_19.mp4,7
arid/Wave/Wave_18_2.mp4,7
arid/Wave/Wave_18_20.mp4,7
arid/Wave/Wave_18_21.mp4,7
arid/Wave/Wave_18_22.mp4,7
arid/Wave/Wave_18_23.mp4,7
arid/Wave/Wave_18_24.mp4,7
arid/Wave/Wave_18_25.mp4,7
arid/Wave/Wave_18_26.mp4,7
arid/Wave/Wave_18_27.mp4,7
arid/Wave/Wave_18_28.mp4,7
arid/Wave/Wave_18_3.mp4,7
arid/Wave/Wave_18_4.mp4,7
arid/Wave/Wave_18_5.mp4,7
arid/Wave/Wave_18_6.mp4,7
arid/Wave/Wave_18_7.mp4,7
arid/Wave/Wave_19_1.mp4,7
arid/Wave/Wave_19_10.mp4,7
arid/Wave/Wave_19_11.mp4,7
arid/Wave/Wave_19_12.mp4,7
arid/Wave/Wave_19_13.mp4,7
arid/Wave/Wave_19_2.mp4,7
arid/Wave/Wave_19_3.mp4,7
arid/Wave/Wave_19_4.mp4,7
arid/Wave/Wave_19_5.mp4,7
arid/Wave/Wave_19_6.mp4,7
arid/Wave/Wave_19_7.mp4,7
arid/Wave/Wave_19_8.mp4,7
arid/Wave/Wave_19_9.mp4,7
arid/Wave/Wave_20_1.mp4,7
arid/Wave/Wave_20_10.mp4,7
arid/Wave/Wave_20_11.mp4,7
arid/Wave/Wave_20_12.mp4,7
arid/Wave/Wave_20_13.mp4,7
arid/Wave/Wave_20_14.mp4,7
arid/Wave/Wave_20_15.mp4,7
arid/Wave/Wave_20_2.mp4,7
arid/Wave/Wave_20_3.mp4,7
arid/Wave/Wave_20_4.mp4,7
arid/Wave/Wave_20_5.mp4,7
arid/Wave/Wave_20_6.mp4,7
arid/Wave/Wave_20_7.mp4,7
arid/Wave/Wave_20_8.mp4,7
arid/Wave/Wave_20_9.mp4,7
arid/Wave/Wave_3_1.mp4,7
arid/Wave/Wave_3_10.mp4,7
arid/Wave/Wave_3_11.mp4,7
arid/Wave/Wave_3_13.mp4,7
arid/Wave/Wave_3_14.mp4,7
arid/Wave/Wave_3_15.mp4,7
arid/Wave/Wave_3_16.mp4,7
arid/Wave/Wave_3_17.mp4,7
arid/Wave/Wave_3_18.mp4,7
arid/Wave/Wave_3_2.mp4,7
arid/Wave/Wave_3_20.mp4,7
arid/Wave/Wave_3_21.mp4,7
arid/Wave/Wave_3_22.mp4,7
arid/Wave/Wave_3_23.mp4,7
arid/Wave/Wave_3_26.mp4,7
arid/Wave/Wave_3_29.mp4,7
arid/Wave/Wave_3_3.mp4,7
arid/Wave/Wave_3_30.mp4,7
arid/Wave/Wave_3_33.mp4,7
arid/Wave/Wave_3_35.mp4,7
arid/Wave/Wave_3_4.mp4,7
arid/Wave/Wave_3_5.mp4,7
arid/Wave/Wave_3_6.mp4,7
arid/Wave/Wave_3_7.mp4,7
arid/Wave/Wave_3_8.mp4,7
arid/Wave/Wave_3_9.mp4,7
arid/Wave/Wave_4_1.mp4,7
arid/Wave/Wave_4_10.mp4,7
arid/Wave/Wave_4_11.mp4,7
arid/Wave/Wave_4_13.mp4,7
arid/Wave/Wave_4_14.mp4,7
arid/Wave/Wave_4_15.mp4,7
arid/Wave/Wave_4_17.mp4,7
arid/Wave/Wave_4_2.mp4,7
arid/Wave/Wave_4_20.mp4,7
arid/Wave/Wave_4_22.mp4,7
arid/Wave/Wave_4_23.mp4,7
arid/Wave/Wave_4_24.mp4,7
arid/Wave/Wave_4_26.mp4,7
arid/Wave/Wave_4_27.mp4,7
arid/Wave/Wave_4_29.mp4,7
arid/Wave/Wave_4_33.mp4,7
arid/Wave/Wave_4_34.mp4,7
arid/Wave/Wave_4_35.mp4,7
arid/Wave/Wave_4_36.mp4,7
arid/Wave/Wave_4_37.mp4,7
arid/Wave/Wave_4_38.mp4,7
arid/Wave/Wave_4_4.mp4,7
arid/Wave/Wave_4_5.mp4,7
arid/Wave/Wave_4_6.mp4,7
arid/Wave/Wave_4_7.mp4,7
arid/Wave/Wave_4_9.mp4,7
arid/Wave/Wave_6_11.mp4,7
arid/Wave/Wave_6_12.mp4,7
arid/Wave/Wave_6_13.mp4,7
arid/Wave/Wave_6_14.mp4,7
arid/Wave/Wave_6_15.mp4,7
arid/Wave/Wave_6_16.mp4,7
arid/Wave/Wave_6_18.mp4,7
arid/Wave/Wave_6_19.mp4,7
arid/Wave/Wave_6_2.mp4,7
arid/Wave/Wave_6_20.mp4,7
arid/Wave/Wave_6_21.mp4,7
arid/Wave/Wave_6_23.mp4,7
arid/Wave/Wave_6_25.mp4,7
arid/Wave/Wave_6_26.mp4,7
arid/Wave/Wave_6_27.mp4,7
arid/Wave/Wave_6_28.mp4,7
arid/Wave/Wave_6_29.mp4,7
arid/Wave/Wave_6_3.mp4,7
arid/Wave/Wave_6_30.mp4,7
arid/Wave/Wave_6_31.mp4,7
arid/Wave/Wave_6_4.mp4,7
arid/Wave/Wave_6_5.mp4,7
arid/Wave/Wave_6_6.mp4,7
arid/Wave/Wave_6_7.mp4,7
arid/Wave/Wave_6_8.mp4,7
arid/Wave/Wave_6_9.mp4,7
arid/Wave/Wave_7_1.mp4,7
arid/Wave/Wave_7_13.mp4,7
arid/Wave/Wave_7_14.mp4,7
arid/Wave/Wave_7_15.mp4,7
arid/Wave/Wave_7_19.mp4,7
arid/Wave/Wave_7_2.mp4,7
arid/Wave/Wave_7_21.mp4,7
arid/Wave/Wave_7_22.mp4,7
arid/Wave/Wave_7_23.mp4,7
arid/Wave/Wave_7_25.mp4,7
arid/Wave/Wave_7_26.mp4,7
arid/Wave/Wave_7_27.mp4,7
arid/Wave/Wave_7_28.mp4,7
arid/Wave/Wave_7_29.mp4,7
arid/Wave/Wave_7_30.mp4,7
arid/Wave/Wave_7_31.mp4,7
arid/Wave/Wave_7_34.mp4,7
arid/Wave/Wave_7_35.mp4,7
arid/Wave/Wave_7_36.mp4,7
arid/Wave/Wave_7_4.mp4,7
arid/Wave/Wave_7_40.mp4,7
arid/Wave/Wave_7_41.mp4,7
arid/Wave/Wave_7_42.mp4,7
arid/Wave/Wave_7_43.mp4,7
arid/Wave/Wave_7_5.mp4,7
arid/Wave/Wave_7_7.mp4,7
arid/Wave/Wave_8_1.mp4,7
arid/Wave/Wave_8_10.mp4,7
arid/Wave/Wave_8_11.mp4,7
arid/Wave/Wave_8_12.mp4,7
arid/Wave/Wave_8_13.mp4,7
arid/Wave/Wave_8_14.mp4,7
arid/Wave/Wave_8_15.mp4,7
arid/Wave/Wave_8_16.mp4,7
arid/Wave/Wave_8_17.mp4,7
arid/Wave/Wave_8_18.mp4,7
arid/Wave/Wave_8_19.mp4,7
arid/Wave/Wave_8_2.mp4,7
arid/Wave/Wave_8_20.mp4,7
arid/Wave/Wave_8_21.mp4,7
arid/Wave/Wave_8_3.mp4,7
arid/Wave/Wave_8_4.mp4,7
arid/Wave/Wave_8_5.mp4,7
arid/Wave/Wave_8_6.mp4,7
arid/Wave/Wave_8_7.mp4,7
arid/Wave/Wave_8_8.mp4,7
arid/Wave/Wave_8_9.mp4,7
arid/Wave/Wave_9_1.mp4,7
arid/Wave/Wave_9_10.mp4,7
arid/Wave/Wave_9_11.mp4,7
arid/Wave/Wave_9_12.mp4,7
arid/Wave/Wave_9_13.mp4,7
arid/Wave/Wave_9_2.mp4,7
arid/Wave/Wave_9_3.mp4,7
arid/Wave/Wave_9_4.mp4,7
arid/Wave/Wave_9_5.mp4,7
arid/Wave/Wave_9_6.mp4,7
arid/Wave/Wave_9_7.mp4,7
arid/Wave/Wave_9_8.mp4,7
arid/Wave/Wave_9_9.mp4,7
arid/Run/Run_10_1.mp4,5
arid/Run/Run_10_11.mp4,5
arid/Run/Run_10_12.mp4,5
arid/Run/Run_10_14.mp4,5
arid/Run/Run_10_15.mp4,5
arid/Run/Run_10_16.mp4,5
arid/Run/Run_10_17.mp4,5
arid/Run/Run_10_18.mp4,5
arid/Run/Run_10_19.mp4,5
arid/Run/Run_10_2.mp4,5
arid/Run/Run_10_20.mp4,5
arid/Run/Run_10_21.mp4,5
arid/Run/Run_10_23.mp4,5
arid/Run/Run_10_24.mp4,5
arid/Run/Run_10_25.mp4,5
arid/Run/Run_10_26.mp4,5
arid/Run/Run_10_28.mp4,5
arid/Run/Run_10_29.mp4,5
arid/Run/Run_10_30.mp4,5
arid/Run/Run_10_31.mp4,5
arid/Run/Run_10_32.mp4,5
arid/Run/Run_10_4.mp4,5
arid/Run/Run_10_5.mp4,5
arid/Run/Run_10_7.mp4,5
arid/Run/Run_10_8.mp4,5
arid/Run/Run_10_9.mp4,5
arid/Run/Run_11_1.mp4,5
arid/Run/Run_11_10.mp4,5
arid/Run/Run_11_11.mp4,5
arid/Run/Run_11_12.mp4,5
arid/Run/Run_11_13.mp4,5
arid/Run/Run_11_14.mp4,5
arid/Run/Run_11_15.mp4,5
arid/Run/Run_11_16.mp4,5
arid/Run/Run_11_17.mp4,5
arid/Run/Run_11_18.mp4,5
arid/Run/Run_11_2.mp4,5
arid/Run/Run_11_20.mp4,5
arid/Run/Run_11_21.mp4,5
arid/Run/Run_11_22.mp4,5
arid/Run/Run_11_23.mp4,5
arid/Run/Run_11_24.mp4,5
arid/Run/Run_11_25.mp4,5
arid/Run/Run_11_26.mp4,5
arid/Run/Run_11_28.mp4,5
arid/Run/Run_11_29.mp4,5
arid/Run/Run_11_30.mp4,5
arid/Run/Run_11_31.mp4,5
arid/Run/Run_11_4.mp4,5
arid/Run/Run_11_5.mp4,5
arid/Run/Run_11_7.mp4,5
arid/Run/Run_11_8.mp4,5
arid/Run/Run_12_1.mp4,5
arid/Run/Run_12_10.mp4,5
arid/Run/Run_12_11.mp4,5
arid/Run/Run_12_12.mp4,5
arid/Run/Run_12_13.mp4,5
arid/Run/Run_12_14.mp4,5
arid/Run/Run_12_15.mp4,5
arid/Run/Run_12_16.mp4,5
arid/Run/Run_12_17.mp4,5
arid/Run/Run_12_19.mp4,5
arid/Run/Run_12_20.mp4,5
arid/Run/Run_12_21.mp4,5
arid/Run/Run_12_22.mp4,5
arid/Run/Run_12_23.mp4,5
arid/Run/Run_12_26.mp4,5
arid/Run/Run_12_28.mp4,5
arid/Run/Run_12_29.mp4,5
arid/Run/Run_12_3.mp4,5
arid/Run/Run_12_30.mp4,5
arid/Run/Run_12_31.mp4,5
arid/Run/Run_12_33.mp4,5
arid/Run/Run_12_5.mp4,5
arid/Run/Run_12_6.mp4,5
arid/Run/Run_12_7.mp4,5
arid/Run/Run_12_8.mp4,5
arid/Run/Run_12_9.mp4,5
arid/Run/Run_14_1.mp4,5
arid/Run/Run_14_10.mp4,5
arid/Run/Run_14_11.mp4,5
arid/Run/Run_14_12.mp4,5
arid/Run/Run_14_13.mp4,5
arid/Run/Run_14_14.mp4,5
arid/Run/Run_14_15.mp4,5
arid/Run/Run_14_16.mp4,5
arid/Run/Run_14_17.mp4,5
arid/Run/Run_14_19.mp4,5
arid/Run/Run_14_2.mp4,5
arid/Run/Run_14_20.mp4,5
arid/Run/Run_14_21.mp4,5
arid/Run/Run_14_22.mp4,5
arid/Run/Run_14_23.mp4,5
arid/Run/Run_14_24.mp4,5
arid/Run/Run_14_25.mp4,5
arid/Run/Run_14_26.mp4,5
arid/Run/Run_14_27.mp4,5
arid/Run/Run_14_3.mp4,5
arid/Run/Run_14_4.mp4,5
arid/Run/Run_14_5.mp4,5
arid/Run/Run_14_6.mp4,5
arid/Run/Run_14_7.mp4,5
arid/Run/Run_14_8.mp4,5
arid/Run/Run_14_9.mp4,5
arid/Run/Run_15_1.mp4,5
arid/Run/Run_15_10.mp4,5
arid/Run/Run_15_11.mp4,5
arid/Run/Run_15_12.mp4,5
arid/Run/Run_15_13.mp4,5
arid/Run/Run_15_14.mp4,5
arid/Run/Run_15_15.mp4,5
arid/Run/Run_15_16.mp4,5
arid/Run/Run_15_17.mp4,5
arid/Run/Run_15_18.mp4,5
arid/Run/Run_15_19.mp4,5
arid/Run/Run_15_2.mp4,5
arid/Run/Run_15_20.mp4,5
arid/Run/Run_15_21.mp4,5
arid/Run/Run_15_22.mp4,5
arid/Run/Run_15_23.mp4,5
arid/Run/Run_15_24.mp4,5
arid/Run/Run_15_25.mp4,5
arid/Run/Run_15_3.mp4,5
arid/Run/Run_15_4.mp4,5
arid/Run/Run_15_5.mp4,5
arid/Run/Run_15_6.mp4,5
arid/Run/Run_15_7.mp4,5
arid/Run/Run_15_8.mp4,5
arid/Run/Run_15_9.mp4,5
arid/Run/Run_16_1.mp4,5
arid/Run/Run_16_10.mp4,5
arid/Run/Run_16_11.mp4,5
arid/Run/Run_16_12.mp4,5
arid/Run/Run_16_13.mp4,5
arid/Run/Run_16_14.mp4,5
arid/Run/Run_16_15.mp4,5
arid/Run/Run_16_16.mp4,5
arid/Run/Run_16_17.mp4,5
arid/Run/Run_16_18.mp4,5
arid/Run/Run_16_19.mp4,5
arid/Run/Run_16_2.mp4,5
arid/Run/Run_16_20.mp4,5
arid/Run/Run_16_21.mp4,5
arid/Run/Run_16_22.mp4,5
arid/Run/Run_16_23.mp4,5
arid/Run/Run_16_24.mp4,5
arid/Run/Run_16_25.mp4,5
arid/Run/Run_16_3.mp4,5
arid/Run/Run_16_4.mp4,5
arid/Run/Run_16_5.mp4,5
arid/Run/Run_16_6.mp4,5
arid/Run/Run_16_7.mp4,5
arid/Run/Run_16_8.mp4,5
arid/Run/Run_16_9.mp4,5
arid/Run/Run_18_1.mp4,5
arid/Run/Run_18_10.mp4,5
arid/Run/Run_18_11.mp4,5
arid/Run/Run_18_12.mp4,5
arid/Run/Run_18_13.mp4,5
arid/Run/Run_18_14.mp4,5
arid/Run/Run_18_15.mp4,5
arid/Run/Run_18_16.mp4,5
arid/Run/Run_18_17.mp4,5
arid/Run/Run_18_18.mp4,5
arid/Run/Run_18_19.mp4,5
arid/Run/Run_18_2.mp4,5
arid/Run/Run_18_20.mp4,5
arid/Run/Run_18_21.mp4,5
arid/Run/Run_18_22.mp4,5
arid/Run/Run_18_23.mp4,5
arid/Run/Run_18_3.mp4,5
arid/Run/Run_18_4.mp4,5
arid/Run/Run_18_5.mp4,5
arid/Run/Run_18_6.mp4,5
arid/Run/Run_18_7.mp4,5
arid/Run/Run_18_8.mp4,5
arid/Run/Run_18_9.mp4,5
arid/Run/Run_19_1.mp4,5
arid/Run/Run_19_10.mp4,5
arid/Run/Run_19_11.mp4,5
arid/Run/Run_19_12.mp4,5
arid/Run/Run_19_13.mp4,5
arid/Run/Run_19_14.mp4,5
arid/Run/Run_19_15.mp4,5
arid/Run/Run_19_16.mp4,5
arid/Run/Run_19_17.mp4,5
arid/Run/Run_19_18.mp4,5
arid/Run/Run_19_19.mp4,5
arid/Run/Run_19_2.mp4,5
arid/Run/Run_19_20.mp4,5
arid/Run/Run_19_3.mp4,5
arid/Run/Run_19_4.mp4,5
arid/Run/Run_19_5.mp4,5
arid/Run/Run_19_6.mp4,5
arid/Run/Run_19_7.mp4,5
arid/Run/Run_19_8.mp4,5
arid/Run/Run_19_9.mp4,5
arid/Run/Run_1_1.mp4,5
arid/Run/Run_1_10.mp4,5
arid/Run/Run_1_11.mp4,5
arid/Run/Run_1_12.mp4,5
arid/Run/Run_1_13.mp4,5
arid/Run/Run_1_14.mp4,5
arid/Run/Run_1_2.mp4,5
arid/Run/Run_1_3.mp4,5
arid/Run/Run_1_4.mp4,5
arid/Run/Run_1_5.mp4,5
arid/Run/Run_1_6.mp4,5
arid/Run/Run_1_7.mp4,5
arid/Run/Run_1_8.mp4,5
arid/Run/Run_1_9.mp4,5
arid/Run/Run_2_1.mp4,5
arid/Run/Run_2_10.mp4,5
arid/Run/Run_2_11.mp4,5
arid/Run/Run_2_12.mp4,5
arid/Run/Run_2_13.mp4,5
arid/Run/Run_2_14.mp4,5
arid/Run/Run_2_15.mp4,5
arid/Run/Run_2_16.mp4,5
arid/Run/Run_2_17.mp4,5
arid/Run/Run_2_18.mp4,5
arid/Run/Run_2_19.mp4,5
arid/Run/Run_2_2.mp4,5
arid/Run/Run_2_20.mp4,5
arid/Run/Run_2_21.mp4,5
arid/Run/Run_2_22.mp4,5
arid/Run/Run_2_23.mp4,5
arid/Run/Run_2_24.mp4,5
arid/Run/Run_2_25.mp4,5
arid/Run/Run_2_26.mp4,5
arid/Run/Run_2_3.mp4,5
arid/Run/Run_2_4.mp4,5
arid/Run/Run_2_5.mp4,5
arid/Run/Run_2_6.mp4,5
arid/Run/Run_2_7.mp4,5
arid/Run/Run_2_8.mp4,5
arid/Run/Run_2_9.mp4,5
arid/Run/Run_3_1.mp4,5
arid/Run/Run_3_10.mp4,5
arid/Run/Run_3_11.mp4,5
arid/Run/Run_3_12.mp4,5
arid/Run/Run_3_13.mp4,5
arid/Run/Run_3_14.mp4,5
arid/Run/Run_3_15.mp4,5
arid/Run/Run_3_16.mp4,5
arid/Run/Run_3_17.mp4,5
arid/Run/Run_3_18.mp4,5
arid/Run/Run_3_19.mp4,5
arid/Run/Run_3_2.mp4,5
arid/Run/Run_3_20.mp4,5
arid/Run/Run_3_21.mp4,5
arid/Run/Run_3_3.mp4,5
arid/Run/Run_3_4.mp4,5
arid/Run/Run_3_5.mp4,5
arid/Run/Run_3_6.mp4,5
arid/Run/Run_3_7.mp4,5
arid/Run/Run_3_8.mp4,5
arid/Run/Run_3_9.mp4,5
arid/Run/Run_4_1.mp4,5
arid/Run/Run_4_10.mp4,5
arid/Run/Run_4_11.mp4,5
arid/Run/Run_4_12.mp4,5
arid/Run/Run_4_13.mp4,5
arid/Run/Run_4_14.mp4,5
arid/Run/Run_4_15.mp4,5
arid/Run/Run_4_16.mp4,5
arid/Run/Run_4_17.mp4,5
arid/Run/Run_4_18.mp4,5
arid/Run/Run_4_19.mp4,5
arid/Run/Run_4_2.mp4,5
arid/Run/Run_4_20.mp4,5
arid/Run/Run_4_21.mp4,5
arid/Run/Run_4_22.mp4,5
arid/Run/Run_4_23.mp4,5
arid/Run/Run_4_24.mp4,5
arid/Run/Run_4_25.mp4,5
arid/Run/Run_4_3.mp4,5
arid/Run/Run_4_4.mp4,5
arid/Run/Run_4_5.mp4,5
arid/Run/Run_4_6.mp4,5
arid/Run/Run_4_7.mp4,5
arid/Run/Run_4_8.mp4,5
arid/Run/Run_4_9.mp4,5
arid/Run/Run_7_1.mp4,5
arid/Run/Run_7_12.mp4,5
arid/Run/Run_7_13.mp4,5
arid/Run/Run_7_15.mp4,5
arid/Run/Run_7_16.mp4,5
arid/Run/Run_7_18.mp4,5
arid/Run/Run_7_19.mp4,5
arid/Run/Run_7_2.mp4,5
arid/Run/Run_7_20.mp4,5
arid/Run/Run_7_22.mp4,5
arid/Run/Run_7_23.mp4,5
arid/Run/Run_7_24.mp4,5
arid/Run/Run_7_26.mp4,5
arid/Run/Run_7_29.mp4,5
arid/Run/Run_7_3.mp4,5
arid/Run/Run_7_31.mp4,5
arid/Run/Run_7_33.mp4,5
arid/Run/Run_7_34.mp4,5
arid/Run/Run_7_35.mp4,5
arid/Run/Run_7_36.mp4,5
arid/Run/Run_7_39.mp4,5
arid/Run/Run_7_5.mp4,5
arid/Run/Run_7_6.mp4,5
arid/Run/Run_7_7.mp4,5
arid/Run/Run_7_8.mp4,5
arid/Run/Run_7_9.mp4,5
arid/Run/Run_9_1.mp4,5
arid/Run/Run_9_10.mp4,5
arid/Run/Run_9_11.mp4,5
arid/Run/Run_9_12.mp4,5
arid/Run/Run_9_13.mp4,5
arid/Run/Run_9_14.mp4,5
arid/Run/Run_9_16.mp4,5
arid/Run/Run_9_17.mp4,5
arid/Run/Run_9_18.mp4,5
arid/Run/Run_9_19.mp4,5
arid/Run/Run_9_2.mp4,5
arid/Run/Run_9_20.mp4,5
arid/Run/Run_9_21.mp4,5
arid/Run/Run_9_23.mp4,5
arid/Run/Run_9_24.mp4,5
arid/Run/Run_9_25.mp4,5
arid/Run/Run_9_27.mp4,5
arid/Run/Run_9_28.mp4,5
arid/Run/Run_9_3.mp4,5
arid/Run/Run_9_30.mp4,5
arid/Run/Run_9_4.mp4,5
arid/Run/Run_9_5.mp4,5
arid/Run/Run_9_6.mp4,5
arid/Run/Run_9_7.mp4,5
arid/Run/Run_9_8.mp4,5
arid/Run/Run_9_9.mp4,5
arid/Walk/Walk_10_1.mp4,6
arid/Walk/Walk_10_10.mp4,6
arid/Walk/Walk_10_11.mp4,6
arid/Walk/Walk_10_12.mp4,6
arid/Walk/Walk_10_13.mp4,6
arid/Walk/Walk_10_2.mp4,6
arid/Walk/Walk_10_3.mp4,6
arid/Walk/Walk_10_4.mp4,6
arid/Walk/Walk_10_5.mp4,6
arid/Walk/Walk_10_6.mp4,6
arid/Walk/Walk_10_7.mp4,6
arid/Walk/Walk_10_8.mp4,6
arid/Walk/Walk_10_9.mp4,6
arid/Walk/Walk_11_1.mp4,6
arid/Walk/Walk_11_10.mp4,6
arid/Walk/Walk_11_11.mp4,6
arid/Walk/Walk_11_13.mp4,6
arid/Walk/Walk_11_14.mp4,6
arid/Walk/Walk_11_15.mp4,6
arid/Walk/Walk_11_16.mp4,6
arid/Walk/Walk_11_17.mp4,6
arid/Walk/Walk_11_18.mp4,6
arid/Walk/Walk_11_19.mp4,6
arid/Walk/Walk_11_2.mp4,6
arid/Walk/Walk_11_20.mp4,6
arid/Walk/Walk_11_22.mp4,6
arid/Walk/Walk_11_25.mp4,6
arid/Walk/Walk_11_27.mp4,6
arid/Walk/Walk_11_29.mp4,6
arid/Walk/Walk_11_3.mp4,6
arid/Walk/Walk_11_30.mp4,6
arid/Walk/Walk_11_31.mp4,6
arid/Walk/Walk_11_32.mp4,6
arid/Walk/Walk_11_33.mp4,6
arid/Walk/Walk_11_34.mp4,6
arid/Walk/Walk_11_36.mp4,6
arid/Walk/Walk_11_4.mp4,6
arid/Walk/Walk_11_5.mp4,6
arid/Walk/Walk_11_6.mp4,6
arid/Walk/Walk_11_8.mp4,6
arid/Walk/Walk_11_9.mp4,6
arid/Walk/Walk_12_10.mp4,6
arid/Walk/Walk_12_11.mp4,6
arid/Walk/Walk_12_12.mp4,6
arid/Walk/Walk_12_13.mp4,6
arid/Walk/Walk_12_14.mp4,6
arid/Walk/Walk_12_16.mp4,6
arid/Walk/Walk_12_17.mp4,6
arid/Walk/Walk_12_18.mp4,6
arid/Walk/Walk_12_20.mp4,6
arid/Walk/Walk_12_21.mp4,6
arid/Walk/Walk_12_22.mp4,6
arid/Walk/Walk_12_23.mp4,6
arid/Walk/Walk_12_26.mp4,6
arid/Walk/Walk_12_28.mp4,6
arid/Walk/Walk_12_29.mp4,6
arid/Walk/Walk_12_3.mp4,6
arid/Walk/Walk_12_30.mp4,6
arid/Walk/Walk_12_31.mp4,6
arid/Walk/Walk_12_32.mp4,6
arid/Walk/Walk_12_33.mp4,6
arid/Walk/Walk_12_34.mp4,6
arid/Walk/Walk_12_35.mp4,6
arid/Walk/Walk_12_4.mp4,6
arid/Walk/Walk_12_5.mp4,6
arid/Walk/Walk_12_6.mp4,6
arid/Walk/Walk_12_7.mp4,6
arid/Walk/Walk_12_8.mp4,6
arid/Walk/Walk_12_9.mp4,6
arid/Walk/Walk_14_1.mp4,6
arid/Walk/Walk_14_10.mp4,6
arid/Walk/Walk_14_11.mp4,6
arid/Walk/Walk_14_12.mp4,6
arid/Walk/Walk_14_13.mp4,6
arid/Walk/Walk_14_14.mp4,6
arid/Walk/Walk_14_16.mp4,6
arid/Walk/Walk_14_17.mp4,6
arid/Walk/Walk_14_18.mp4,6
arid/Walk/Walk_14_19.mp4,6
arid/Walk/Walk_14_2.mp4,6
arid/Walk/Walk_14_20.mp4,6
arid/Walk/Walk_14_21.mp4,6
arid/Walk/Walk_14_22.mp4,6
arid/Walk/Walk_14_23.mp4,6
arid/Walk/Walk_14_24.mp4,6
arid/Walk/Walk_14_25.mp4,6
arid/Walk/Walk_14_26.mp4,6
arid/Walk/Walk_14_27.mp4,6
arid/Walk/Walk_14_28.mp4,6
arid/Walk/Walk_14_3.mp4,6
arid/Walk/Walk_14_30.mp4,6
arid/Walk/Walk_14_31.mp4,6
arid/Walk/Walk_14_4.mp4,6
arid/Walk/Walk_14_5.mp4,6
arid/Walk/Walk_14_7.mp4,6
arid/Walk/Walk_14_8.mp4,6
arid/Walk/Walk_14_9.mp4,6
arid/Walk/Walk_15_1.mp4,6
arid/Walk/Walk_15_10.mp4,6
arid/Walk/Walk_15_11.mp4,6
arid/Walk/Walk_15_12.mp4,6
arid/Walk/Walk_15_13.mp4,6
arid/Walk/Walk_15_14.mp4,6
arid/Walk/Walk_15_15.mp4,6
arid/Walk/Walk_15_16.mp4,6
arid/Walk/Walk_15_17.mp4,6
arid/Walk/Walk_15_18.mp4,6
arid/Walk/Walk_15_19.mp4,6
arid/Walk/Walk_15_2.mp4,6
arid/Walk/Walk_15_20.mp4,6
arid/Walk/Walk_15_21.mp4,6
arid/Walk/Walk_15_22.mp4,6
arid/Walk/Walk_15_23.mp4,6
arid/Walk/Walk_15_24.mp4,6
arid/Walk/Walk_15_25.mp4,6
arid/Walk/Walk_15_27.mp4,6
arid/Walk/Walk_15_28.mp4,6
arid/Walk/Walk_15_29.mp4,6
arid/Walk/Walk_15_3.mp4,6
arid/Walk/Walk_15_4.mp4,6
arid/Walk/Walk_15_5.mp4,6
arid/Walk/Walk_15_6.mp4,6
arid/Walk/Walk_15_7.mp4,6
arid/Walk/Walk_15_8.mp4,6
arid/Walk/Walk_15_9.mp4,6
arid/Walk/Walk_16_1.mp4,6
arid/Walk/Walk_16_10.mp4,6
arid/Walk/Walk_16_11.mp4,6
arid/Walk/Walk_16_12.mp4,6
arid/Walk/Walk_16_13.mp4,6
arid/Walk/Walk_16_14.mp4,6
arid/Walk/Walk_16_15.mp4,6
arid/Walk/Walk_16_16.mp4,6
arid/Walk/Walk_16_17.mp4,6
arid/Walk/Walk_16_18.mp4,6
arid/Walk/Walk_16_19.mp4,6
arid/Walk/Walk_16_2.mp4,6
arid/Walk/Walk_16_20.mp4,6
arid/Walk/Walk_16_21.mp4,6
arid/Walk/Walk_16_22.mp4,6
arid/Walk/Walk_16_23.mp4,6
arid/Walk/Walk_16_24.mp4,6
arid/Walk/Walk_16_3.mp4,6
arid/Walk/Walk_16_4.mp4,6
arid/Walk/Walk_16_5.mp4,6
arid/Walk/Walk_16_6.mp4,6
arid/Walk/Walk_16_7.mp4,6
arid/Walk/Walk_16_8.mp4,6
arid/Walk/Walk_16_9.mp4,6
arid/Walk/Walk_17_1.mp4,6
arid/Walk/Walk_17_10.mp4,6
arid/Walk/Walk_17_11.mp4,6
arid/Walk/Walk_17_12.mp4,6
arid/Walk/Walk_17_13.mp4,6
arid/Walk/Walk_17_14.mp4,6
arid/Walk/Walk_17_15.mp4,6
arid/Walk/Walk_17_16.mp4,6
arid/Walk/Walk_17_17.mp4,6
arid/Walk/Walk_17_18.mp4,6
arid/Walk/Walk_17_19.mp4,6
arid/Walk/Walk_17_2.mp4,6
arid/Walk/Walk_17_20.mp4,6
arid/Walk/Walk_17_21.mp4,6
arid/Walk/Walk_17_22.mp4,6
arid/Walk/Walk_17_23.mp4,6
arid/Walk/Walk_17_24.mp4,6
arid/Walk/Walk_17_3.mp4,6
arid/Walk/Walk_17_4.mp4,6
arid/Walk/Walk_17_5.mp4,6
arid/Walk/Walk_17_6.mp4,6
arid/Walk/Walk_17_7.mp4,6
arid/Walk/Walk_17_8.mp4,6
arid/Walk/Walk_17_9.mp4,6
arid/Walk/Walk_18_1.mp4,6
arid/Walk/Walk_18_10.mp4,6
arid/Walk/Walk_18_11.mp4,6
arid/Walk/Walk_18_12.mp4,6
arid/Walk/Walk_18_13.mp4,6
arid/Walk/Walk_18_14.mp4,6
arid/Walk/Walk_18_15.mp4,6
arid/Walk/Walk_18_16.mp4,6
arid/Walk/Walk_18_17.mp4,6
arid/Walk/Walk_18_18.mp4,6
arid/Walk/Walk_18_19.mp4,6
arid/Walk/Walk_18_2.mp4,6
arid/Walk/Walk_18_20.mp4,6
arid/Walk/Walk_18_21.mp4,6
arid/Walk/Walk_18_22.mp4,6
arid/Walk/Walk_18_3.mp4,6
arid/Walk/Walk_18_4.mp4,6
arid/Walk/Walk_18_5.mp4,6
arid/Walk/Walk_18_6.mp4,6
arid/Walk/Walk_18_7.mp4,6
arid/Walk/Walk_18_8.mp4,6
arid/Walk/Walk_18_9.mp4,6
arid/Walk/Walk_20_1.mp4,6
arid/Walk/Walk_20_10.mp4,6
arid/Walk/Walk_20_11.mp4,6
arid/Walk/Walk_20_12.mp4,6
arid/Walk/Walk_20_13.mp4,6
arid/Walk/Walk_20_14.mp4,6
arid/Walk/Walk_20_15.mp4,6
arid/Walk/Walk_20_16.mp4,6
arid/Walk/Walk_20_17.mp4,6
arid/Walk/Walk_20_18.mp4,6
arid/Walk/Walk_20_19.mp4,6
arid/Walk/Walk_20_2.mp4,6
arid/Walk/Walk_20_3.mp4,6
arid/Walk/Walk_20_4.mp4,6
arid/Walk/Walk_20_5.mp4,6
arid/Walk/Walk_20_6.mp4,6
arid/Walk/Walk_20_7.mp4,6
arid/Walk/Walk_20_8.mp4,6
arid/Walk/Walk_20_9.mp4,6
arid/Walk/Walk_2_1.mp4,6
arid/Walk/Walk_2_10.mp4,6
arid/Walk/Walk_2_11.mp4,6
arid/Walk/Walk_2_12.mp4,6
arid/Walk/Walk_2_13.mp4,6
arid/Walk/Walk_2_14.mp4,6
arid/Walk/Walk_2_15.mp4,6
arid/Walk/Walk_2_2.mp4,6
arid/Walk/Walk_2_3.mp4,6
arid/Walk/Walk_2_4.mp4,6
arid/Walk/Walk_2_5.mp4,6
arid/Walk/Walk_2_6.mp4,6
arid/Walk/Walk_2_7.mp4,6
arid/Walk/Walk_2_8.mp4,6
arid/Walk/Walk_2_9.mp4,6
arid/Walk/Walk_4_10.mp4,6
arid/Walk/Walk_4_11.mp4,6
arid/Walk/Walk_4_14.mp4,6
arid/Walk/Walk_4_15.mp4,6
arid/Walk/Walk_4_18.mp4,6
arid/Walk/Walk_4_19.mp4,6
arid/Walk/Walk_4_20.mp4,6
arid/Walk/Walk_4_21.mp4,6
arid/Walk/Walk_4_24.mp4,6
arid/Walk/Walk_4_25.mp4,6
arid/Walk/Walk_4_26.mp4,6
arid/Walk/Walk_4_28.mp4,6
arid/Walk/Walk_4_29.mp4,6
arid/Walk/Walk_4_3.mp4,6
arid/Walk/Walk_4_34.mp4,6
arid/Walk/Walk_4_36.mp4,6
arid/Walk/Walk_4_37.mp4,6
arid/Walk/Walk_4_39.mp4,6
arid/Walk/Walk_4_40.mp4,6
arid/Walk/Walk_4_48.mp4,6
arid/Walk/Walk_4_53.mp4,6
arid/Walk/Walk_4_54.mp4,6
arid/Walk/Walk_4_56.mp4,6
arid/Walk/Walk_4_57.mp4,6
arid/Walk/Walk_4_60.mp4,6
arid/Walk/Walk_4_7.mp4,6
arid/Walk/Walk_4_8.mp4,6
arid/Walk/Walk_4_9.mp4,6
arid/Walk/Walk_6_1.mp4,6
arid/Walk/Walk_6_11.mp4,6
arid/Walk/Walk_6_12.mp4,6
arid/Walk/Walk_6_13.mp4,6
arid/Walk/Walk_6_14.mp4,6
arid/Walk/Walk_6_15.mp4,6
arid/Walk/Walk_6_18.mp4,6
arid/Walk/Walk_6_19.mp4,6
arid/Walk/Walk_6_2.mp4,6
arid/Walk/Walk_6_20.mp4,6
arid/Walk/Walk_6_21.mp4,6
arid/Walk/Walk_6_24.mp4,6
arid/Walk/Walk_6_25.mp4,6
arid/Walk/Walk_6_26.mp4,6
arid/Walk/Walk_6_30.mp4,6
arid/Walk/Walk_6_31.mp4,6
arid/Walk/Walk_6_32.mp4,6
arid/Walk/Walk_6_33.mp4,6
arid/Walk/Walk_6_34.mp4,6
arid/Walk/Walk_6_36.mp4,6
arid/Walk/Walk_6_37.mp4,6
arid/Walk/Walk_6_39.mp4,6
arid/Walk/Walk_6_4.mp4,6
arid/Walk/Walk_6_41.mp4,6
arid/Walk/Walk_6_45.mp4,6
arid/Walk/Walk_6_6.mp4,6
arid/Walk/Walk_6_7.mp4,6
arid/Walk/Walk_6_9.mp4,6
arid/Walk/Walk_7_1.mp4,6
arid/Walk/Walk_7_10.mp4,6
arid/Walk/Walk_7_11.mp4,6
arid/Walk/Walk_7_13.mp4,6
arid/Walk/Walk_7_14.mp4,6
arid/Walk/Walk_7_15.mp4,6
arid/Walk/Walk_7_17.mp4,6
arid/Walk/Walk_7_18.mp4,6
arid/Walk/Walk_7_19.mp4,6
arid/Walk/Walk_7_2.mp4,6
arid/Walk/Walk_7_20.mp4,6
arid/Walk/Walk_7_22.mp4,6
arid/Walk/Walk_7_24.mp4,6
arid/Walk/Walk_7_25.mp4,6
arid/Walk/Walk_7_26.mp4,6
arid/Walk/Walk_7_27.mp4,6
arid/Walk/Walk_7_28.mp4,6
arid/Walk/Walk_7_29.mp4,6
arid/Walk/Walk_7_3.mp4,6
arid/Walk/Walk_7_30.mp4,6
arid/Walk/Walk_7_31.mp4,6
arid/Walk/Walk_7_32.mp4,6
arid/Walk/Walk_7_4.mp4,6
arid/Walk/Walk_7_5.mp4,6
arid/Walk/Walk_7_6.mp4,6
arid/Walk/Walk_7_7.mp4,6
arid/Walk/Walk_7_8.mp4,6
arid/Walk/Walk_7_9.mp4,6
arid/Walk/Walk_8_1.mp4,6
arid/Walk/Walk_8_10.mp4,6
arid/Walk/Walk_8_11.mp4,6
arid/Walk/Walk_8_12.mp4,6
arid/Walk/Walk_8_13.mp4,6
arid/Walk/Walk_8_14.mp4,6
arid/Walk/Walk_8_15.mp4,6
arid/Walk/Walk_8_16.mp4,6
arid/Walk/Walk_8_17.mp4,6
arid/Walk/Walk_8_18.mp4,6
arid/Walk/Walk_8_19.mp4,6
arid/Walk/Walk_8_2.mp4,6
arid/Walk/Walk_8_20.mp4,6
arid/Walk/Walk_8_21.mp4,6
arid/Walk/Walk_8_22.mp4,6
arid/Walk/Walk_8_23.mp4,6
arid/Walk/Walk_8_24.mp4,6
arid/Walk/Walk_8_25.mp4,6
arid/Walk/Walk_8_26.mp4,6
arid/Walk/Walk_8_3.mp4,6
arid/Walk/Walk_8_4.mp4,6
arid/Walk/Walk_8_5.mp4,6
arid/Walk/Walk_8_6.mp4,6
arid/Walk/Walk_8_7.mp4,6
arid/Walk/Walk_8_8.mp4,6
arid/Walk/Walk_8_9.mp4,6
arid/Walk/Walk_9_1.mp4,6
arid/Walk/Walk_9_10.mp4,6
arid/Walk/Walk_9_11.mp4,6
arid/Walk/Walk_9_12.mp4,6
arid/Walk/Walk_9_13.mp4,6
arid/Walk/Walk_9_14.mp4,6
arid/Walk/Walk_9_2.mp4,6
arid/Walk/Walk_9_3.mp4,6
arid/Walk/Walk_9_4.mp4,6
arid/Walk/Walk_9_5.mp4,6
arid/Walk/Walk_9_6.mp4,6
arid/Walk/Walk_9_7.mp4,6
arid/Walk/Walk_9_8.mp4,6
arid/Walk/Walk_9_9.mp4,6
arid/Run/Run_5_1.mp4,5
arid/Run/Run_5_2.mp4,5
arid/Run/Run_5_3.mp4,5
arid/Run/Run_5_4.mp4,5
arid/Run/Run_5_5.mp4,5
arid/Run/Run_5_6.mp4,5
arid/Run/Run_5_7.mp4,5
arid/Run/Run_5_8.mp4,5
arid/Run/Run_5_9.mp4,5
arid/Run/Run_5_10.mp4,5
arid/Run/Run_5_11.mp4,5
arid/Run/Run_5_12.mp4,5
arid/Run/Run_5_13.mp4,5
arid/Run/Run_5_14.mp4,5
arid/Run/Run_5_15.mp4,5
arid/Run/Run_5_16.mp4,5
arid/Run/Run_5_17.mp4,5
arid/Run/Run_5_18.mp4,5
arid/Run/Run_5_19.mp4,5
arid/Run/Run_5_20.mp4,5
arid/Run/Run_5_21.mp4,5
arid/Run/Run_5_22.mp4,5
arid/Run/Run_5_23.mp4,5
arid/Run/Run_5_24.mp4,5
arid/Run/Run_5_25.mp4,5
arid/Run/Run_5_26.mp4,5
arid/Run/Run_5_27.mp4,5
arid/Run/Run_5_28.mp4,5
arid/Run/Run_5_29.mp4,5
arid/Run/Run_5_30.mp4,5
arid/Run/Run_5_31.mp4,5
arid/Run/Run_5_32.mp4,5
arid/Run/Run_5_33.mp4,5
arid/Run/Run_5_34.mp4,5
arid/Run/Run_5_35.mp4,5
arid/Run/Run_5_36.mp4,5
arid/Run/Run_5_37.mp4,5
arid/Run/Run_5_38.mp4,5
arid/Run/Run_5_39.mp4,5
arid/Run/Run_5_40.mp4,5
arid/Run/Run_5_41.mp4,5
arid/Run/Run_5_42.mp4,5
arid/Run/Run_5_43.mp4,5
arid/Run/Run_5_44.mp4,5
arid/Run/Run_5_45.mp4,5
arid/Run/Run_5_46.mp4,5
arid/Run/Run_20_1.mp4,5
arid/Run/Run_20_2.mp4,5
arid/Run/Run_20_3.mp4,5
arid/Run/Run_20_4.mp4,5
arid/Run/Run_20_5.mp4,5
arid/Run/Run_20_6.mp4,5
arid/Run/Run_20_7.mp4,5
arid/Run/Run_20_8.mp4,5
arid/Run/Run_20_9.mp4,5
arid/Run/Run_20_10.mp4,5
arid/Run/Run_20_11.mp4,5
arid/Run/Run_20_12.mp4,5
arid/Run/Run_20_13.mp4,5
arid/Run/Run_20_14.mp4,5
arid/Run/Run_20_15.mp4,5
arid/Run/Run_20_16.mp4,5
arid/Run/Run_20_17.mp4,5
arid/Run/Run_20_18.mp4,5
arid/Run/Run_20_19.mp4,5
arid/Run/Run_20_20.mp4,5
arid/Run/Run_20_21.mp4,5
arid/Run/Run_20_22.mp4,5
arid/Run/Run_20_23.mp4,5
arid/Run/Run_20_24.mp4,5
arid/Run/Run_20_25.mp4,5
arid/Run/Run_20_26.mp4,5
arid/Run/Run_20_27.mp4,5
arid/Run/Run_20_28.mp4,5
arid/Run/Run_20_29.mp4,5
arid/Run/Run_20_30.mp4,5
arid/Run/Run_20_31.mp4,5
arid/Walk/Walk_22_1.mp4,6
arid/Walk/Walk_22_2.mp4,6
arid/Walk/Walk_22_3.mp4,6
arid/Walk/Walk_22_4.mp4,6
arid/Walk/Walk_22_5.mp4,6
arid/Walk/Walk_22_6.mp4,6
arid/Walk/Walk_22_7.mp4,6
arid/Walk/Walk_22_8.mp4,6
arid/Walk/Walk_22_9.mp4,6
arid/Walk/Walk_22_10.mp4,6
arid/Walk/Walk_22_11.mp4,6
arid/Walk/Walk_22_12.mp4,6
arid/Walk/Walk_22_13.mp4,6
arid/Walk/Walk_22_14.mp4,6
arid/Walk/Walk_22_15.mp4,6
arid/Walk/Walk_22_16.mp4,6
arid/Walk/Walk_22_17.mp4,6
arid/Walk/Walk_22_18.mp4,6
arid/Walk/Walk_22_19.mp4,6
arid/Walk/Walk_22_20.mp4,6
arid/Walk/Walk_22_21.mp4,6
arid/Walk/Walk_22_22.mp4,6
arid/Walk/Walk_22_23.mp4,6
arid/Walk/Walk_22_24.mp4,6
arid/Walk/Walk_22_25.mp4,6
arid/Walk/Walk_22_26.mp4,6
arid/Walk/Walk_25_1.mp4,6
arid/Walk/Walk_25_2.mp4,6
arid/Walk/Walk_25_3.mp4,6
arid/Walk/Walk_25_4.mp4,6
arid/Walk/Walk_25_5.mp4,6
arid/Walk/Walk_25_6.mp4,6
arid/Walk/Walk_25_7.mp4,6
arid/Walk/Walk_25_8.mp4,6
arid/Walk/Walk_25_9.mp4,6
arid/Walk/Walk_25_10.mp4,6
arid/Walk/Walk_25_11.mp4,6
arid/Walk/Walk_25_12.mp4,6
arid/Walk/Walk_25_13.mp4,6
arid/Walk/Walk_25_14.mp4,6
arid/Walk/Walk_25_15.mp4,6
arid/Walk/Walk_25_16.mp4,6
arid/Walk/Walk_25_17.mp4,6
arid/Walk/Walk_25_18.mp4,6
arid/Walk/Walk_1_1.mp4,6
arid/Walk/Walk_1_2.mp4,6
arid/Walk/Walk_1_3.mp4,6
arid/Walk/Walk_1_4.mp4,6
arid/Walk/Walk_1_5.mp4,6
arid/Walk/Walk_1_6.mp4,6
arid/Walk/Walk_1_7.mp4,6
arid/Walk/Walk_1_8.mp4,6
arid/Walk/Walk_1_9.mp4,6
arid/Walk/Walk_1_10.mp4,6
arid/Walk/Walk_1_11.mp4,6
arid/Walk/Walk_1_12.mp4,6
arid/Walk/Walk_1_13.mp4,6
arid/Walk/Walk_1_14.mp4,6
arid/Walk/Walk_1_15.mp4,6
arid/Walk/Walk_1_16.mp4,6
arid/Walk/Walk_1_17.mp4,6
arid/Walk/Walk_1_18.mp4,6
arid/Walk/Walk_1_19.mp4,6
arid/Walk/Walk_1_20.mp4,6
arid/Walk/Walk_1_21.mp4,6
arid/Walk/Walk_1_22.mp4,6
arid/Walk/Walk_1_23.mp4,6
arid/Walk/Walk_1_24.mp4,6
arid/Walk/Walk_1_25.mp4,6
arid/Walk/Walk_1_26.mp4,6
arid/Walk/Walk_1_27.mp4,6
arid/Walk/Walk_1_28.mp4,6
arid/Walk/Walk_1_29.mp4,6
arid/Walk/Walk_1_30.mp4,6
arid/Walk/Walk_1_31.mp4,6
arid/Walk/Walk_1_32.mp4,6
arid/Walk/Walk_1_33.mp4,6
arid/Walk/Walk_1_34.mp4,6
arid/Walk/Walk_1_35.mp4,6
arid/Wave/Wave_2_1.mp4,7
arid/Wave/Wave_2_2.mp4,7
arid/Wave/Wave_2_3.mp4,7
arid/Wave/Wave_2_4.mp4,7
arid/Wave/Wave_2_5.mp4,7
arid/Wave/Wave_2_6.mp4,7
arid/Wave/Wave_2_7.mp4,7
arid/Wave/Wave_2_8.mp4,7
arid/Wave/Wave_2_9.mp4,7
arid/Wave/Wave_2_10.mp4,7
arid/Wave/Wave_2_11.mp4,7
arid/Wave/Wave_2_12.mp4,7
arid/Wave/Wave_2_13.mp4,7
arid/Wave/Wave_2_14.mp4,7
arid/Wave/Wave_2_15.mp4,7
arid/Wave/Wave_2_16.mp4,7
arid/Wave/Wave_2_17.mp4,7
arid/Wave/Wave_2_18.mp4,7
arid/Wave/Wave_2_19.mp4,7
arid/Wave/Wave_2_20.mp4,7
arid/Wave/Wave_2_21.mp4,7
arid/Wave/Wave_2_22.mp4,7
arid/Wave/Wave_2_23.mp4,7
arid/Wave/Wave_2_24.mp4,7
arid/Wave/Wave_2_25.mp4,7
arid/Wave/Wave_2_26.mp4,7
arid/Wave/Wave_2_27.mp4,7
arid/Wave/Wave_2_28.mp4,7
arid/Wave/Wave_2_29.mp4,7
arid/Wave/Wave_2_30.mp4,7
arid/Wave/Wave_2_31.mp4,7
arid/Wave/Wave_2_32.mp4,7
arid/Wave/Wave_2_33.mp4,7
arid/Wave/Wave_2_34.mp4,7
arid/Wave/Wave_21_1.mp4,7
arid/Wave/Wave_21_2.mp4,7
arid/Wave/Wave_21_3.mp4,7
arid/Wave/Wave_21_4.mp4,7
arid/Wave/Wave_21_5.mp4,7
arid/Wave/Wave_21_6.mp4,7
arid/Wave/Wave_21_7.mp4,7
arid/Wave/Wave_21_8.mp4,7
arid/Wave/Wave_21_9.mp4,7
arid/Wave/Wave_21_10.mp4,7
arid/Wave/Wave_21_11.mp4,7
arid/Wave/Wave_21_12.mp4,7
arid/Wave/Wave_21_13.mp4,7
arid/Wave/Wave_21_14.mp4,7
arid/Wave/Wave_21_15.mp4,7
arid/Wave/Wave_21_16.mp4,7
arid/Wave/Wave_21_17.mp4,7
arid/Wave/Wave_21_18.mp4,7
arid/Wave/Wave_21_19.mp4,7
arid/Wave/Wave_21_20.mp4,7
arid/Wave/Wave_21_21.mp4,7
arid/Wave/Wave_21_22.mp4,7
arid/Wave/Wave_21_23.mp4,7
arid/Wave/Wave_21_24.mp4,7
arid/Wave/Wave_21_25.mp4,7
arid/Wave/Wave_21_26.mp4,7
arid/Wave/Wave_21_27.mp4,7
arid/Wave/Wave_21_28.mp4,7
arid/Wave/Wave_21_29.mp4,7
arid/Wave/Wave_21_30.mp4,7
arid/Wave/Wave_21_31.mp4,7
arid/Wave/Wave_24_1.mp4,7
arid/Wave/Wave_24_2.mp4,7
arid/Wave/Wave_24_3.mp4,7
arid/Wave/Wave_24_4.mp4,7
arid/Wave/Wave_24_5.mp4,7
arid/Wave/Wave_24_6.mp4,7
arid/Wave/Wave_24_7.mp4,7
arid/Wave/Wave_24_8.mp4,7
arid/Wave/Wave_24_9.mp4,7
arid/Wave/Wave_24_10.mp4,7
arid/Wave/Wave_24_11.mp4,7
arid/Wave/Wave_24_12.mp4,7
arid/Wave/Wave_24_13.mp4,7
arid/Wave/Wave_24_14.mp4,7
arid/Wave/Wave_24_15.mp4,7
arid/Wave/Wave_24_16.mp4,7
arid/Wave/Wave_24_17.mp4,7
arid/Wave/Wave_24_18.mp4,7
arid/Wave/Wave_24_19.mp4,7
arid/Wave/Wave_24_20.mp4,7
arid/Wave/Wave_24_21.mp4,7
arid/Wave/Wave_24_22.mp4,7
arid/Wave/Wave_24_23.mp4,7
arid/Wave/Wave_24_24.mp4,7
arid/Wave/Wave_24_25.mp4,7
arid/Wave/Wave_24_26.mp4,7
arid/Wave/Wave_24_27.mp4,7
arid/Wave/Wave_24_28.mp4,7
arid/Wave/Wave_24_29.mp4,7
arid/Wave/Wave_24_30.mp4,7
arid/Wave/Wave_24_31.mp4,7
arid/Wave/Wave_24_32.mp4,7
arid/Wave/Wave_24_33.mp4,7
arid/Wave/Wave_24_34.mp4,7
arid/Wave/Wave_24_35.mp4,7
arid/Wave/Wave_24_36.mp4,7
arid/Wave/Wave_24_37.mp4,7
arid/Wave/Wave_24_38.mp4,7
arid/Wave/Wave_24_39.mp4,7
arid/Wave/Wave_24_40.mp4,7